{"stats":{"minecraft:killed":{"minecraft:spider":11,"quark:forgotten":1,"minecraft:skeleton":31,"minecraft:chicken":26,"quark:crab":1,"minecraft:piglin_brute":2,"minecraft:magma_cube":10,"minecraft:piglin":5,"minecraft:pig":1,"minecraft:zombie_villager":1,"minecraft:salmon":8,"minecraft:creeper":18,"minecraft:trader_llama":2,"minecraft:pillager":9,"minecraft:zombie":57,"minecraft:ghast":2,"minecraft:cow":3,"quark:toretoise":1,"mekanismadditions:baby_skeleton":8,"quark:foxhound":1,"minecraft:wandering_trader":1,"minecraft:enderman":1},"minecraft:mined":{"mekanism:advanced_universal_cable":20,"mekanism:energized_smelter":2,"quark:cherry_chest":10,"mekanism:electrolytic_separator":5,"minecraft:cobblestone_stairs":8,"mekanism:advanced_mechanical_pipe":4,"minecraft:brewing_stand":3,"minecraft:obsidian":29,"minecraft:granite":8,"mekanism:chemical_infuser":2,"minecraft:grass_block":2167,"minecraft:cracked_polished_blackstone_bricks":6,"mekanism:rotary_condensentrator":1,"mekanism:purification_chamber":1,"mekanism:osmium_compressor":1,"quark:glow_lichen_growth":1,"minecraft:polished_blackstone_bricks":21,"minecraft:magma_block":1,"minecraft:glowstone":17,"minecraft:iron_ore":118,"minecraft:barrel":2,"minecraft:fire":13,"mekanism:digital_miner":2,"mekanism:induction_port":5,"minecraft:anvil":4,"minecraft:moss_carpet":3,"minecraft:pumpkin":1191,"minecraft:deepslate_lapis_ore":5,"minecraft:azure_bluet":3,"minecraft:enchanting_table":1,"minecraft:sculk_shrieker":1,"minecraft:pointed_dripstone":3,"mekanism:basic_logistical_transporter":4,"minecraft:dirt_path":2,"minecraft:quartz_slab":183,"mekanism:advanced_energy_cube":1,"mekanism:thermal_evaporation_valve":6,"mekanism:basic_induction_provider":3,"mekanismgenerators:fission_reactor_casing":7,"minecraft:deepslate_redstone_ore":51,"mekanism:basic_bin":1,"mekanism:osmium_ore":96,"mekanism:induction_casing":65,"minecraft:red_bed":4,"minecraft:blackstone":5,"mekanism:enrichment_chamber":2,"minecraft:torch":3,"minecraft:calcite":23,"minecraft:poppy":1,"minecraft:melon":667,"minecraft:chest":5,"mekanism:tin_ore":5,"minecraft:nether_quartz_ore":322,"minecraft:cobblestone":111,"minecraft:oak_planks":2,"minecraft:sugar_cane":512,"minecraft:wall_torch":2,"minecraft:pink_petals":4,"minecraft:seagrass":1,"minecraft:cherry_fence":2,"mekanismgenerators:advanced_solar_generator":1,"mekanism:fluorite_ore":9,"minecraft:wheat":2,"minecraft:pumpkin_stem":7,"dynamictrees:birch_leaves":1,"mekanism:nutritional_liquifier":2,"minecraft:grass":156,"mekanism:deepslate_tin_ore":1,"minecraft:oak_log":25,"mekanism:chemical_oxidizer":1,"mekanism:lead_ore":16,"minecraft:acacia_fence":1,"minecraft:sand":652,"minecraft:dirt":1563,"mekanism:basic_universal_cable":9,"minecraft:netherrack":91,"minecraft:oak_leaves":6,"minecraft:deepslate":273,"minecraft:attached_pumpkin_stem":6,"minecraft:nether_gold_ore":39,"minecraft:diamond_ore":2,"minecraft:crying_obsidian":1,"minecraft:tuff":9,"minecraft:deepslate_diamond_ore":5,"mekanismgenerators:solar_generator":4,"mekanism:basic_mechanical_pipe":7,"mekanism:deepslate_osmium_ore":6,"mekanismgenerators:heat_generator":3,"minecraft:ladder":12,"mekanism:basic_chemical_tank":1,"dynamictrees:cherry_sapling":2,"minecraft:sandstone":4,"minecraft:hay_block":62,"dynamictrees:oak_leaves":4,"minecraft:redstone_ore":7,"minecraft:furnace":4,"minecraft:andesite":13,"mekanism:basic_smelting_factory":1,"minecraft:peony":1,"minecraft:gold_block":20,"minecraft:bell":2,"minecraft:deepslate_iron_ore":15,"mekanismgenerators:gas_burning_generator":5,"mekanism:basic_pressurized_tube":12,"minecraft:stone":2721,"mekanism:elite_universal_cable":16,"mekanism:crusher":2,"quark:oak_chest":2,"mekanism:thermal_evaporation_block":18,"minecraft:snow_block":2,"minecraft:basalt":24,"mekanism:basic_energy_cube":3,"minecraft:stone_brick_slab":1,"minecraft:dandelion":1,"minecraft:crafting_table":5,"mekanism:personal_chest":1,"minecraft:emerald_ore":3,"minecraft:lectern":129,"minecraft:copper_ore":4,"minecraft:tall_grass":18,"minecraft:lapis_ore":8,"minecraft:deepslate_gold_ore":36,"mekanism:metallurgic_infuser":2,"minecraft:polished_blackstone_brick_stairs":1,"minecraft:sculk":1,"minecraft:birch_planks":1,"mekanism:pressurized_reaction_chamber":2,"minecraft:white_carpet":1,"mekanism:basic_induction_cell":2,"minecraft:bee_nest":2,"minecraft:coal_ore":351,"quark:monster_box":1,"minecraft:acacia_door":1,"mekanism:deepslate_fluorite_ore":6,"minecraft:gravel":16,"minecraft:sunflower":1,"minecraft:dripstone_block":2,"mekanism:deepslate_uranium_ore":12,"mekanism:electric_pump":4,"minecraft:gold_ore":10},"minecraft:crafted":{"mekanism:free_runners":1,"minecraft:oak_planks":176,"minecraft:barrel":2,"quark:birch_chest":3,"mekanismgenerators:solar_generator":9,"mekanism:configurator":1,"mekanism:ingot_osmium":26,"mekanism:digital_miner":1,"mekanismtools:refined_obsidian_pickaxe":1,"minecraft:melon":316,"minecraft:cooked_chicken":1,"mekanism:electrolytic_separator":3,"mekanism:electrolytic_core":4,"mekanismgenerators:gas_burning_generator":1,"mekanism:atomic_disassembler":2,"mekanismtools:osmium_chestplate":2,"minecraft:birch_slab":6,"mekanism:advanced_energy_cube":1,"mekanism:induction_port":2,"mekanism:canteen":2,"mekanism:gauge_dropper":1,"minecraft:lever":1,"mekanism:logistical_sorter":2,"mekanismgenerators:heat_generator":1,"quark:cherry_chest":4,"minecraft:bookshelf":3,"quark:acacia_bookshelf":1,"mekanism:chemical_washer":1,"mekanism:basic_tier_installer":2,"minecraft:quartz_block":140,"minecraft:glass":24,"mekanism:elite_energy_cube":1,"mekanism:thermal_evaporation_controller":2,"mekanismgenerators:fission_reactor_casing":80,"minecraft:melon_seeds":148,"mekanism:chemical_dissolution_chamber":1,"mekanism:elite_universal_cable":40,"mekanismtools:osmium_boots":2,"minecraft:chest":4,"mekanism:rotary_condensentrator":1,"mekanism:basic_fluid_tank":3,"mekanism:ingot_steel":27,"mekanism:elite_control_circuit":9,"minecraft:stone_hoe":1,"mekanism:basic_induction_cell":1,"mekanism:energy_tablet":40,"mekanismtools:osmium_pickaxe":1,"mekanism:ingot_tin":4,"minecraft:emerald":68,"mekanism:chemical_infuser":3,"minecraft:cooked_porkchop":9,"mekanism:chemical_injection_chamber":1,"minecraft:crafting_table":4,"minecraft:acacia_slab":6,"minecraft:wooden_pickaxe":1,"minecraft:copper_ingot":6,"mekanism:purification_chamber":2,"mekanism:thermal_evaporation_block":96,"minecraft:pumpkin_seeds":108,"minecraft:birch_planks":48,"mekanismtools:osmium_leggings":2,"mekanism:ingot_lead":5,"mekanism:teleportation_core":2,"minecraft:lectern":1,"minecraft:book":6,"minecraft:paper":711,"mekanism:steel_casing":49,"minecraft:shield":1,"minecraft:stick":28,"mekanism:crusher":2,"quark:oak_chest":12,"minecraft:iron_ingot":145,"minecraft:iron_pickaxe":4,"mekanism:induction_casing":36,"minecraft:iron_block":3,"minecraft:stone_sword":1,"minecraft:gold_ingot":175,"mekanism:upgrade_gas":16,"mekanism:osmium_compressor":1,"mekanismtools:steel_pickaxe":1,"mekanism:thermal_evaporation_valve":4,"mekanism:basic_logistical_transporter":8,"mekanism:advanced_universal_cable":40,"minecraft:cherry_planks":40,"mekanism:nutritional_liquifier":1,"mekanism:basic_universal_cable":40,"mekanism:pressurized_reaction_chamber":2,"mekanism:basic_chemical_tank":20,"minecraft:furnace":4,"mekanism:energized_smelter":1,"minecraft:piston":2,"mekanism:basic_smelting_factory":1,"minecraft:bone_meal":156,"minecraft:flint_and_steel":1,"minecraft:glass_pane":128,"mekanism:basic_pressurized_tube":24,"mekanism:chemical_oxidizer":1,"mekanism:jetpack":2,"mekanism:robit":1,"mekanism:basic_induction_provider":1,"minecraft:iron_hoe":1,"minecraft:stone_pickaxe":2,"mekanism:electric_pump":3,"mekanismgenerators:advanced_solar_generator":2,"mekanism:personal_chest":4,"minecraft:quartz_slab":276,"mekanismtools:osmium_helmet":1,"mekanism:basic_bin":1,"minecraft:wheat":531,"minecraft:cooked_beef":4,"quark:feeding_trough":2,"mekanism:metallurgic_infuser":1,"minecraft:enchanting_table":1,"mekanism:dynamic_tank":8,"minecraft:bowl":4,"mekanism:ultimate_control_circuit":6,"mekanismtools:steel_axe":3,"minecraft:bucket":13,"mekanism:chemical_crystallizer":1,"minecraft:stone_axe":2,"minecraft:glowstone":1,"minecraft:enchanted_book":2,"minecraft:bread":155,"minecraft:air":0,"mekanism:upgrade_speed":49,"mekanism:basic_energy_cube":3,"mekanism:enrichment_chamber":5,"mekanism:upgrade_energy":5,"minecraft:wooden_axe":1,"minecraft:iron_shovel":2,"minecraft:anvil":1,"mekanism:advanced_control_circuit":23,"mekanism:advanced_mechanical_pipe":24,"mekanism:basic_mechanical_pipe":24,"minecraft:acacia_planks":20,"minecraft:torch":28,"mekanismgenerators:solar_panel":28},"minecraft:dropped":{"mekanism:jetpack":2,"mekanism:osmium_ore":22,"minecraft:cooked_beef":5,"minecraft:crossbow":1,"mekanism:atomic_disassembler":3,"minecraft:leather":3,"minecraft:dirt":74,"minecraft:grass":1,"minecraft:sunflower":3,"minecraft:iron_pickaxe":6,"minecraft:gold_ingot":94,"minecraft:gravel":7,"quark:cherry_chest":1,"minecraft:glowstone_dust":4,"minecraft:gunpowder":1,"minecraft:coal_ore":60,"minecraft:quartz_block":1,"minecraft:quartz":62,"mekanismtools:osmium_leggings":1,"minecraft:cherry_fence":86,"minecraft:lectern":1,"minecraft:egg":1,"minecraft:water_bucket":2,"minecraft:bread":25,"minecraft:wheat_seeds":4,"mekanismtools:osmium_boots":2,"minecraft:deepslate_diamond_ore":82,"minecraft:cobblestone":87,"minecraft:lead":2,"minecraft:coal":14,"minecraft:cherry_fence_gate":6,"minecraft:torch":8,"minecraft:melon_slice":3,"minecraft:wooden_axe":1,"minecraft:pumpkin":8,"mekanismgenerators:solar_panel":1,"minecraft:paper":9,"minecraft:furnace":1,"mekanism:personal_chest":2,"mekanismtools:osmium_chestplate":1,"minecraft:sandstone":2,"minecraft:stone_pickaxe":1,"minecraft:nether_quartz_ore":64},"minecraft:broken":{"minecraft:iron_shovel":1,"minecraft:golden_sword":1,"minecraft:stone_axe":2,"quark:forgotten_hat":1,"minecraft:iron_hoe":1,"minecraft:stone_sword":1,"mekanismtools:steel_axe":2,"minecraft:shield":1,"minecraft:iron_pickaxe":1},"minecraft:custom":{"minecraft:animals_bred":26,"minecraft:interact_with_crafting_table":804,"minecraft:open_barrel":372,"minecraft:leave_game":73,"minecraft:time_since_death":137903,"minecraft:damage_blocked_by_shield":3205,"minecraft:sprint_one_cm":4932089,"minecraft:drop":98,"minecraft:talked_to_villager":220,"minecraft:play_time":2226399,"minecraft:deaths":26,"minecraft:jump":15860,"minecraft:interact_with_brewingstand":2,"minecraft:walk_on_water_one_cm":140490,"minecraft:enchant_item":1,"minecraft:interact_with_furnace":135,"minecraft:traded_with_villager":73,"minecraft:sleep_in_bed":104,"minecraft:damage_dealt":33265,"minecraft:crouch_one_cm":205225,"minecraft:horse_one_cm":3591,"minecraft:interact_with_anvil":3,"minecraft:mob_kills":209,"minecraft:climb_one_cm":44252,"minecraft:walk_one_cm":1613347,"minecraft:sneak_time":79411,"minecraft:walk_under_water_one_cm":62922,"minecraft:total_world_time":2226399,"minecraft:interact_with_grindstone":1,"minecraft:time_since_rest":12648,"minecraft:damage_taken":25860,"minecraft:swim_one_cm":190568,"minecraft:fly_one_cm":4983057,"minecraft:open_chest":793,"minecraft:fall_one_cm":730367},"minecraft:picked_up":{"minecraft:wheat":332,"mekanism:electrolytic_separator":5,"minecraft:anvil":4,"mekanism:nutritional_liquifier":2,"mekanism:raw_uranium":6,"minecraft:lead":6,"minecraft:brewing_stand":3,"minecraft:polished_blackstone_brick_stairs":1,"minecraft:string":5,"mekanismgenerators:heat_generator":2,"minecraft:raw_copper":16,"minecraft:cobbled_deepslate":206,"mekanism:basic_universal_cable":9,"mekanism:purification_chamber":1,"mekanismgenerators:fission_reactor_casing":7,"minecraft:calcite":23,"dynamictrees:oak_seed":4,"minecraft:iron_pickaxe":5,"mekanism:deepslate_uranium_ore":6,"minecraft:melon_slice":3405,"minecraft:deepslate_iron_ore":71,"mekanism:basic_logistical_transporter":4,"minecraft:furnace":5,"minecraft:diamond_ore":25,"mekanism:substrate":75,"minecraft:stick":67,"minecraft:acacia_fence":1,"mekanism:tin_ore":5,"quark:cherry_chest":11,"minecraft:torch":8,"minecraft:acacia_log":8,"minecraft:porkchop":2,"mekanism:basic_induction_cell":2,"minecraft:cherry_log":1,"minecraft:pointed_dripstone":10,"mekanismgenerators:solar_generator":4,"mekanism:raw_tin":7,"minecraft:nether_gold_ore":39,"minecraft:rotten_flesh":58,"minecraft:glowstone":8,"mekanism:lead_ore":14,"minecraft:obsidian":29,"minecraft:snowball":152,"minecraft:cobblestone":2975,"mekanismgenerators:advanced_solar_generator":1,"minecraft:birch_log":12,"minecraft:enchanting_table":1,"minecraft:pink_petals":10,"minecraft:feather":36,"minecraft:cooked_beef":43,"minecraft:magma_cream":2,"minecraft:water_bucket":1,"minecraft:andesite":13,"minecraft:potato":6,"minecraft:flint":2,"minecraft:tuff":9,"minecraft:cherry_fence":135,"minecraft:lapis_lazuli":51,"minecraft:dirt":3874,"minecraft:bone":45,"minecraft:bow":3,"minecraft:wheat_seeds":644,"minecraft:raw_gold":27,"minecraft:bell":2,"minecraft:glowstone_dust":17,"mekanism:osmium_ore":331,"minecraft:oak_planks":2,"mekanism:chemical_oxidizer":1,"mekanism:chemical_infuser":2,"mekanism:basic_smelting_factory":1,"mekanism:metallurgic_infuser":2,"mekanism:rotary_condensentrator":1,"minecraft:cooked_porkchop":2,"minecraft:sand":652,"dynamictrees:acacia_seed":6,"minecraft:melon":2,"minecraft:ink_sac":2,"minecraft:grass_block":2,"minecraft:barrel":2,"mekanism:basic_mechanical_pipe":7,"mekanism:digital_miner":2,"minecraft:diamond":8,"minecraft:deepslate":4,"mekanism:induction_casing":65,"minecraft:deepslate_gold_ore":18,"minecraft:cracked_polished_blackstone_bricks":5,"minecraft:crossbow":2,"minecraft:granite":8,"minecraft:bone_meal":2,"minecraft:grass":1,"mekanism:advanced_mechanical_pipe":4,"minecraft:emerald":8,"mekanism:advanced_energy_cube":1,"minecraft:bread":4,"mekanismgenerators:solar_panel":1,"minecraft:oak_sapling":7,"minecraft:netherrack":75,"minecraft:crafting_table":5,"mekanism:deepslate_osmium_ore":116,"minecraft:azure_bluet":17,"minecraft:chicken":35,"minecraft:ladder":12,"minecraft:gold_block":17,"mekanism:deepslate_fluorite_ore":6,"minecraft:red_bed":4,"minecraft:moss_carpet":7,"minecraft:acacia_door":1,"mekanism:pressurized_reaction_chamber":2,"minecraft:quartz_slab":229,"minecraft:white_carpet":1,"mekanism:energized_smelter":2,"minecraft:blackstone":3,"minecraft:deepslate_diamond_ore":560,"minecraft:beef":10,"minecraft:poppy":2,"mekanism:basic_bin":1,"minecraft:lectern":129,"minecraft:copper_ore":46,"minecraft:sugar_cane":710,"minecraft:chest":5,"minecraft:egg":452,"minecraft:raw_iron":97,"mekanism:basic_pressurized_tube":12,"minecraft:sandstone":2,"minecraft:stone":49,"mekanism:jetpack":1,"minecraft:polished_blackstone_bricks":15,"mekanism:basic_induction_provider":3,"mekanism:elite_universal_cable":16,"mekanism:basic_energy_cube":4,"minecraft:carrot":8,"minecraft:redstone":165,"mekanism:thermal_evaporation_block":18,"minecraft:cherry_fence_gate":6,"mekanism:crusher":2,"minecraft:arrow":48,"minecraft:peony":3,"mekanism:osmium_compressor":1,"minecraft:hay_block":61,"minecraft:gold_ingot":60,"minecraft:emerald_ore":2,"mekanism:personal_chest":2,"minecraft:rail":1,"quark:music_disc_wind":1,"minecraft:lapis_ore":14,"quark:crab_leg":1,"mekanism:electric_pump":4,"minecraft:basalt":21,"mekanism:raw_lead":10,"minecraft:salmon":8,"minecraft:leather":11,"mekanismgenerators:gas_burning_generator":5,"minecraft:birch_planks":1,"minecraft:oak_log":36,"minecraft:gunpowder":17,"minecraft:cobblestone_stairs":8,"minecraft:white_banner":3,"quark:forgotten_hat":1,"mekanism:enrichment_chamber":2,"mekanism:dust_steel":1,"minecraft:iron_ingot":3,"dynamictrees:birch_seed":8,"minecraft:cooked_chicken":6,"minecraft:iron_ore":241,"minecraft:nether_quartz_ore":317,"minecraft:pumpkin":1225,"minecraft:stone_brick_slab":1,"minecraft:quartz":2,"minecraft:dandelion":6,"mekanism:induction_port":5,"mekanism:thermal_evaporation_valve":6,"minecraft:dripstone_block":7,"minecraft:gravel":26,"mekanism:basic_chemical_tank":1,"mekanism:atomic_disassembler":2,"minecraft:crying_obsidian":1,"quark:oak_chest":2,"mekanism:raw_osmium":72,"minecraft:spider_eye":5,"minecraft:pumpkin_seeds":21,"minecraft:coal_ore":256,"mekanismtools:osmium_boots":1,"mekanism:advanced_universal_cable":20,"mekanism:fluorite_gem":30,"minecraft:redstone_ore":1,"minecraft:deepslate_redstone_ore":19,"dynamictrees:cherry_seed":3,"quark:hollow_birch_log":1,"minecraft:coal":273,"minecraft:sunflower":4,"minecraft:ender_pearl":2},"minecraft:used":{"mekanismtools:steel_axe":1645,"minecraft:peony":3,"minecraft:moss_carpet":7,"minecraft:iron_shovel":292,"mekanism:upgrade_gas":6,"minecraft:shield":87,"minecraft:rotten_flesh":7,"minecraft:ladder":10,"mekanismtools:refined_obsidian_pickaxe":746,"minecraft:chest":5,"minecraft:stone":26,"minecraft:bell":2,"quark:feeding_trough":2,"mekanism:basic_logistical_transporter":5,"mekanism:digital_miner":3,"quark:cherry_chest":12,"mekanism:basic_mechanical_pipe":7,"mekanism:basic_universal_cable":10,"mekanism:nutritional_liquifier":3,"minecraft:carrot":4,"minecraft:obsidian":7,"minecraft:snowball":305,"mekanism:chemical_injection_chamber":1,"mekanism:basic_energy_cube":4,"mekanism:advanced_mechanical_pipe":25,"minecraft:lava_bucket":11,"minecraft:quartz_slab":479,"mekanism:basic_tier_installer":2,"minecraft:golden_sword":34,"minecraft:deepslate_diamond_ore":2,"minecraft:bow":3,"minecraft:hay_block":2,"minecraft:oak_sapling":3,"minecraft:furnace":2,"mekanismgenerators:gas_burning_generator":6,"minecraft:egg":466,"mekanism:advanced_universal_cable":20,"mekanism:induction_port":7,"minecraft:oak_planks":5,"minecraft:stone_pickaxe":83,"mekanism:personal_chest":46,"mekanism:chemical_washer":1,"minecraft:wooden_pickaxe":26,"minecraft:sugar_cane":194,"mekanism:chemical_dissolution_chamber":1,"mekanism:basic_induction_provider":4,"mekanism:elite_universal_cable":50,"minecraft:dripstone_block":8,"minecraft:pumpkin_seeds":119,"mekanism:advanced_energy_cube":1,"minecraft:lever":1,"ad_astra:oil_bucket":1,"mekanism:crusher":4,"minecraft:crying_obsidian":1,"minecraft:acacia_door":1,"mekanism:upgrade_speed":43,"minecraft:melon_slice":18,"minecraft:bread":145,"mekanism:metallurgic_infuser":3,"minecraft:lectern":129,"mekanism:thermal_evaporation_controller":2,"mekanism:basic_pressurized_tube":31,"minecraft:diamond_ore":1,"mekanism:rotary_condensentrator":2,"minecraft:gravel":4,"mekanismgenerators:advanced_solar_generator":3,"quark:glow_lichen_growth":1,"mekanismgenerators:solar_generator":5,"mekanism:basic_smelting_factory":2,"minecraft:andesite":8,"mekanism:jetpack":24,"minecraft:bone_meal":156,"mekanismtools:osmium_chestplate":20,"quark:birch_chest":1,"mekanism:enrichment_chamber":3,"minecraft:enchanting_table":2,"minecraft:stone_sword":133,"minecraft:flint_and_steel":2,"mekanism:configurator":52,"minecraft:cooked_salmon":8,"minecraft:stone_hoe":9,"minecraft:cooked_chicken":42,"minecraft:netherrack":24,"minecraft:torch":28,"minecraft:brewing_stand":2,"minecraft:dirt":1017,"minecraft:anvil":5,"minecraft:white_carpet":1,"mekanismgenerators:fission_reactor_casing":87,"mekanism:osmium_compressor":2,"minecraft:iron_hoe":250,"minecraft:wooden_axe":12,"minecraft:bookshelf":3,"mekanism:chemical_oxidizer":2,"mekanismgenerators:heat_generator":3,"mekanismtools:osmium_helmet":1,"mekanism:purification_chamber":2,"mekanism:free_runners":1,"minecraft:barrel":4,"minecraft:melon_seeds":115,"minecraft:glowstone":1,"minecraft:basalt":1,"mekanism:upgrade_energy":2,"mekanism:electrolytic_separator":8,"minecraft:cooked_beef":46,"mekanism:pressurized_reaction_chamber":4,"minecraft:cobbled_deepslate":6,"minecraft:cherry_fence":55,"minecraft:pointed_dripstone":1,"minecraft:pumpkin":1,"mekanism:basic_bin":2,"minecraft:wheat_seeds":6,"minecraft:water_bucket":411,"minecraft:cobblestone_stairs":4,"mekanism:electric_pump":7,"minecraft:birch_planks":1,"quark:hollow_birch_log":1,"mekanism:chemical_infuser":5,"minecraft:crafting_table":9,"minecraft:red_bed":2,"mekanism:thermal_evaporation_valve":10,"mekanism:basic_induction_cell":3,"mekanismtools:osmium_pickaxe":353,"mekanism:induction_casing":97,"mekanism:basic_chemical_tank":2,"dynamictrees:cherry_seed":2,"mekanism:atomic_disassembler":7779,"minecraft:sunflower":1,"minecraft:iron_pickaxe":363,"mekanismtools:steel_pickaxe":12,"mekanism:energized_smelter":2,"mekanism:elite_energy_cube":1,"mekanism:chemical_crystallizer":1,"minecraft:stone_axe":188,"minecraft:pink_petals":10,"minecraft:cobblestone":229,"minecraft:white_banner":3,"minecraft:cooked_porkchop":13,"minecraft:bucket":429,"quark:oak_chest":11,"mekanismtools:osmium_leggings":1,"mekanism:thermal_evaporation_block":84,"minecraft:dandelion":2},"minecraft:killed_by":{"minecraft:creeper":1,"minecraft:pillager":1,"mekanismadditions:baby_skeleton":1,"minecraft:zombie":4,"minecraft:player":1,"minecraft:skeleton":1}},"DataVersion":3465}