{"stats":{"minecraft:killed_by":{"minecraft:creeper":1,"mekanismadditions:baby_skeleton":1,"minecraft:zombie":3,"minecraft:player":1},"minecraft:crafted":{"minecraft:oak_planks":136,"mekanismgenerators:solar_generator":1,"mekanismtools:refined_obsidian_pickaxe":1,"mekanism:ingot_osmium":26,"minecraft:cooked_chicken":1,"mekanism:electrolytic_separator":1,"mekanism:electrolytic_core":1,"mekanism:atomic_disassembler":1,"mekanismtools:osmium_chestplate":2,"mekanism:canteen":2,"mekanismgenerators:heat_generator":1,"quark:acacia_bookshelf":1,"minecraft:glass":24,"mekanismtools:osmium_boots":2,"minecraft:chest":4,"mekanism:basic_fluid_tank":1,"mekanism:ingot_steel":27,"minecraft:stone_hoe":1,"mekanism:energy_tablet":4,"mekanismtools:osmium_pickaxe":1,"mekanism:ingot_tin":4,"minecraft:emerald":7,"minecraft:cooked_porkchop":9,"minecraft:crafting_table":3,"minecraft:acacia_slab":6,"minecraft:wooden_pickaxe":1,"minecraft:copper_ingot":6,"minecraft:birch_planks":8,"mekanismtools:osmium_leggings":2,"mekanism:ingot_lead":5,"minecraft:lectern":1,"minecraft:book":4,"minecraft:paper":18,"mekanism:steel_casing":7,"minecraft:shield":1,"minecraft:stick":24,"mekanism:crusher":1,"quark:oak_chest":10,"minecraft:iron_ingot":91,"minecraft:iron_pickaxe":3,"minecraft:iron_block":3,"minecraft:stone_sword":1,"minecraft:gold_ingot":22,"mekanism:osmium_compressor":1,"mekanismtools:steel_pickaxe":1,"mekanism:advanced_universal_cable":16,"mekanism:nutritional_liquifier":1,"mekanism:basic_universal_cable":16,"mekanism:basic_chemical_tank":1,"minecraft:furnace":4,"mekanism:energized_smelter":1,"mekanism:basic_smelting_factory":1,"minecraft:glass_pane":16,"mekanism:jetpack":1,"minecraft:flint_and_steel":1,"minecraft:stone_pickaxe":2,"mekanism:electric_pump":1,"mekanism:personal_chest":2,"minecraft:wheat":432,"minecraft:cooked_beef":4,"mekanism:metallurgic_infuser":1,"minecraft:bowl":4,"minecraft:bucket":4,"minecraft:stone_axe":2,"minecraft:enchanted_book":1,"minecraft:bread":152,"minecraft:air":0,"mekanism:upgrade_speed":2,"mekanism:basic_energy_cube":1,"mekanism:enrichment_chamber":1,"minecraft:wooden_axe":1,"minecraft:iron_shovel":2,"mekanism:advanced_control_circuit":2,"minecraft:anvil":1,"minecraft:acacia_planks":20,"minecraft:torch":28,"mekanismgenerators:solar_panel":3},"minecraft:used":{"minecraft:peony":3,"minecraft:moss_carpet":4,"minecraft:iron_shovel":292,"minecraft:chest":3,"minecraft:shield":87,"mekanismtools:refined_obsidian_pickaxe":220,"minecraft:rotten_flesh":7,"mekanism:nutritional_liquifier":1,"mekanism:basic_universal_cable":10,"minecraft:snowball":305,"minecraft:obsidian":7,"mekanism:basic_energy_cube":4,"minecraft:lava_bucket":10,"minecraft:quartz_slab":48,"minecraft:golden_sword":34,"minecraft:bow":3,"minecraft:hay_block":2,"minecraft:oak_sapling":3,"minecraft:furnace":2,"minecraft:egg":36,"mekanism:advanced_universal_cable":14,"minecraft:oak_planks":3,"minecraft:stone_pickaxe":83,"mekanism:personal_chest":21,"minecraft:wooden_pickaxe":26,"minecraft:dripstone_block":8,"mekanism:crusher":2,"minecraft:crying_obsidian":1,"minecraft:acacia_door":1,"mekanism:upgrade_speed":6,"minecraft:bread":142,"mekanism:metallurgic_infuser":3,"minecraft:lectern":7,"minecraft:gravel":4,"mekanismgenerators:solar_generator":5,"quark:glow_lichen_growth":1,"minecraft:andesite":8,"mekanism:basic_smelting_factory":1,"mekanism:jetpack":8,"mekanismtools:osmium_chestplate":7,"mekanism:enrichment_chamber":2,"minecraft:stone_sword":133,"minecraft:flint_and_steel":2,"minecraft:cooked_salmon":8,"minecraft:cooked_chicken":9,"minecraft:stone_hoe":9,"minecraft:netherrack":10,"minecraft:torch":21,"minecraft:brewing_stand":1,"minecraft:dirt":254,"minecraft:anvil":2,"mekanism:osmium_compressor":1,"minecraft:wooden_axe":12,"mekanismgenerators:heat_generator":2,"minecraft:basalt":1,"mekanism:electrolytic_separator":2,"minecraft:cooked_beef":38,"minecraft:cobbled_deepslate":6,"minecraft:cherry_fence":44,"minecraft:pointed_dripstone":1,"minecraft:wheat_seeds":6,"minecraft:water_bucket":211,"mekanism:electric_pump":2,"quark:hollow_birch_log":1,"minecraft:crafting_table":8,"minecraft:red_bed":2,"mekanismtools:osmium_pickaxe":353,"dynamictrees:cherry_seed":2,"mekanism:atomic_disassembler":2364,"minecraft:sunflower":1,"minecraft:iron_pickaxe":360,"mekanismtools:steel_pickaxe":12,"mekanism:energized_smelter":2,"minecraft:stone_axe":111,"minecraft:pink_petals":10,"minecraft:cobblestone":46,"minecraft:cooked_porkchop":13,"minecraft:bucket":225,"quark:oak_chest":9,"mekanismtools:osmium_leggings":1,"minecraft:dandelion":1},"minecraft:killed":{"minecraft:spider":7,"quark:forgotten":1,"minecraft:skeleton":25,"minecraft:chicken":4,"minecraft:piglin_brute":2,"minecraft:magma_cube":10,"minecraft:piglin":4,"minecraft:pig":1,"minecraft:salmon":8,"minecraft:creeper":12,"minecraft:trader_llama":2,"minecraft:zombie":43,"minecraft:cow":1,"quark:toretoise":1,"mekanismadditions:baby_skeleton":7,"quark:foxhound":1,"minecraft:wandering_trader":1},"minecraft:picked_up":{"minecraft:wheat":195,"mekanism:electrolytic_separator":1,"minecraft:anvil":1,"mekanism:raw_uranium":6,"minecraft:lead":6,"minecraft:brewing_stand":1,"minecraft:polished_blackstone_brick_stairs":1,"minecraft:string":4,"mekanismgenerators:heat_generator":1,"minecraft:raw_copper":16,"minecraft:cobbled_deepslate":206,"mekanism:basic_universal_cable":9,"minecraft:calcite":23,"dynamictrees:oak_seed":4,"minecraft:iron_pickaxe":5,"mekanism:deepslate_uranium_ore":6,"minecraft:deepslate_iron_ore":3,"minecraft:furnace":5,"minecraft:diamond_ore":1,"minecraft:stick":52,"minecraft:acacia_fence":1,"minecraft:torch":1,"minecraft:acacia_log":8,"minecraft:porkchop":2,"minecraft:cherry_log":1,"minecraft:pointed_dripstone":10,"mekanismgenerators:solar_generator":4,"mekanism:raw_tin":7,"minecraft:nether_gold_ore":4,"minecraft:rotten_flesh":43,"minecraft:glowstone":8,"mekanism:lead_ore":6,"minecraft:obsidian":29,"minecraft:snowball":152,"minecraft:cobblestone":473,"minecraft:birch_log":2,"minecraft:pink_petals":10,"minecraft:feather":5,"minecraft:cooked_beef":30,"minecraft:magma_cream":2,"minecraft:andesite":13,"minecraft:potato":6,"minecraft:flint":2,"minecraft:tuff":9,"minecraft:cherry_fence":130,"minecraft:lapis_lazuli":51,"minecraft:dirt":1961,"minecraft:bone":37,"minecraft:bow":2,"minecraft:wheat_seeds":373,"minecraft:raw_gold":27,"minecraft:glowstone_dust":10,"mekanism:osmium_ore":23,"mekanism:metallurgic_infuser":2,"minecraft:cooked_porkchop":2,"minecraft:sand":76,"dynamictrees:acacia_seed":6,"minecraft:ink_sac":2,"minecraft:grass_block":1,"minecraft:diamond":2,"minecraft:deepslate":4,"minecraft:deepslate_gold_ore":18,"minecraft:cracked_polished_blackstone_bricks":5,"minecraft:granite":8,"minecraft:grass":1,"minecraft:bone_meal":2,"minecraft:bread":4,"minecraft:oak_sapling":7,"minecraft:netherrack":16,"minecraft:crafting_table":5,"mekanism:deepslate_osmium_ore":2,"minecraft:chicken":4,"minecraft:gold_block":17,"mekanism:deepslate_fluorite_ore":6,"minecraft:red_bed":4,"minecraft:moss_carpet":4,"minecraft:acacia_door":1,"minecraft:quartz_slab":48,"mekanism:energized_smelter":2,"minecraft:blackstone":3,"minecraft:deepslate_diamond_ore":2,"minecraft:beef":5,"minecraft:poppy":2,"minecraft:lectern":6,"minecraft:sugar_cane":22,"minecraft:chest":3,"minecraft:egg":38,"minecraft:raw_iron":92,"minecraft:stone":4,"mekanism:jetpack":1,"minecraft:polished_blackstone_bricks":15,"minecraft:carrot":3,"mekanism:basic_energy_cube":3,"minecraft:redstone":165,"minecraft:cherry_fence_gate":6,"mekanism:crusher":1,"minecraft:arrow":38,"minecraft:peony":3,"minecraft:hay_block":50,"mekanism:personal_chest":1,"quark:music_disc_wind":1,"minecraft:rail":1,"minecraft:lapis_ore":5,"mekanism:electric_pump":1,"minecraft:basalt":21,"mekanism:raw_lead":10,"minecraft:salmon":8,"minecraft:leather":9,"minecraft:oak_log":36,"minecraft:gunpowder":11,"quark:forgotten_hat":1,"mekanism:enrichment_chamber":1,"mekanism:dust_steel":1,"minecraft:iron_ingot":3,"minecraft:cooked_chicken":4,"minecraft:iron_ore":18,"minecraft:nether_quartz_ore":51,"minecraft:stone_brick_slab":1,"minecraft:dandelion":1,"minecraft:dripstone_block":7,"minecraft:gravel":26,"mekanism:atomic_disassembler":1,"quark:oak_chest":2,"minecraft:crying_obsidian":1,"mekanism:raw_osmium":70,"minecraft:spider_eye":4,"mekanism:advanced_universal_cable":8,"dynamictrees:cherry_seed":3,"minecraft:redstone_ore":1,"mekanism:fluorite_gem":30,"minecraft:deepslate_redstone_ore":19,"quark:hollow_birch_log":1,"minecraft:coal":264,"minecraft:sunflower":4,"minecraft:ender_pearl":1},"minecraft:dropped":{"mekanism:jetpack":2,"mekanism:atomic_disassembler":1,"minecraft:grass":1,"minecraft:sunflower":3,"minecraft:iron_pickaxe":6,"minecraft:gravel":7,"mekanismtools:osmium_leggings":1,"minecraft:cherry_fence":86,"minecraft:egg":1,"minecraft:water_bucket":1,"minecraft:bread":25,"minecraft:wheat_seeds":2,"mekanismtools:osmium_boots":1,"minecraft:cobblestone":23,"minecraft:lead":2,"minecraft:coal":14,"minecraft:cherry_fence_gate":6,"minecraft:torch":8,"minecraft:wooden_axe":1,"minecraft:furnace":1,"mekanism:personal_chest":1,"mekanismtools:osmium_chestplate":1,"minecraft:stone_pickaxe":1},"minecraft:broken":{"minecraft:iron_shovel":1,"minecraft:golden_sword":1,"minecraft:stone_axe":1,"quark:forgotten_hat":1,"minecraft:stone_sword":1,"minecraft:shield":1,"minecraft:iron_pickaxe":1},"minecraft:mined":{"mekanism:advanced_universal_cable":8,"mekanism:energized_smelter":2,"mekanism:electrolytic_separator":1,"minecraft:brewing_stand":1,"minecraft:obsidian":29,"minecraft:granite":8,"minecraft:grass_block":1251,"minecraft:cracked_polished_blackstone_bricks":6,"quark:glow_lichen_growth":1,"minecraft:polished_blackstone_bricks":21,"minecraft:magma_block":1,"minecraft:glowstone":16,"minecraft:iron_ore":98,"minecraft:fire":8,"minecraft:moss_carpet":2,"minecraft:deepslate_lapis_ore":5,"minecraft:anvil":1,"minecraft:sculk_shrieker":1,"minecraft:pointed_dripstone":3,"minecraft:dirt_path":2,"minecraft:quartz_slab":52,"minecraft:deepslate_redstone_ore":51,"mekanism:osmium_ore":89,"minecraft:red_bed":4,"minecraft:blackstone":5,"mekanism:enrichment_chamber":1,"minecraft:calcite":23,"minecraft:poppy":1,"minecraft:chest":3,"mekanism:tin_ore":5,"minecraft:nether_quartz_ore":54,"minecraft:cobblestone":59,"minecraft:sugar_cane":3,"minecraft:pink_petals":4,"minecraft:seagrass":1,"minecraft:cherry_fence":2,"mekanism:fluorite_ore":9,"minecraft:wheat":2,"minecraft:grass":72,"mekanism:deepslate_tin_ore":1,"minecraft:oak_log":25,"mekanism:lead_ore":16,"minecraft:acacia_fence":1,"minecraft:sand":76,"minecraft:dirt":603,"mekanism:basic_universal_cable":9,"minecraft:netherrack":21,"minecraft:oak_leaves":6,"minecraft:deepslate":273,"minecraft:nether_gold_ore":4,"minecraft:diamond_ore":1,"minecraft:crying_obsidian":1,"minecraft:tuff":9,"minecraft:deepslate_diamond_ore":3,"mekanismgenerators:solar_generator":4,"mekanism:deepslate_osmium_ore":6,"mekanismgenerators:heat_generator":1,"dynamictrees:cherry_sapling":2,"minecraft:hay_block":51,"dynamictrees:oak_leaves":4,"minecraft:redstone_ore":7,"minecraft:furnace":4,"minecraft:andesite":13,"minecraft:peony":1,"minecraft:gold_block":20,"minecraft:deepslate_iron_ore":15,"minecraft:stone":418,"mekanism:crusher":1,"quark:oak_chest":2,"minecraft:snow_block":2,"mekanism:basic_energy_cube":2,"minecraft:basalt":24,"minecraft:stone_brick_slab":1,"minecraft:dandelion":1,"minecraft:crafting_table":5,"mekanism:personal_chest":1,"minecraft:lectern":6,"minecraft:tall_grass":10,"minecraft:copper_ore":4,"minecraft:lapis_ore":8,"minecraft:deepslate_gold_ore":36,"minecraft:polished_blackstone_brick_stairs":1,"mekanism:metallurgic_infuser":2,"minecraft:sculk":1,"minecraft:bee_nest":1,"minecraft:coal_ore":258,"quark:monster_box":1,"minecraft:dripstone_block":2,"mekanism:deepslate_fluorite_ore":6,"minecraft:sunflower":1,"minecraft:gravel":16,"minecraft:acacia_door":1,"mekanism:deepslate_uranium_ore":12,"mekanism:electric_pump":1,"minecraft:gold_ore":10},"minecraft:custom":{"minecraft:animals_bred":2,"minecraft:interact_with_crafting_table":258,"minecraft:leave_game":47,"minecraft:time_since_death":44715,"minecraft:sprint_one_cm":1950640,"minecraft:damage_blocked_by_shield":3205,"minecraft:drop":37,"minecraft:talked_to_villager":23,"minecraft:play_time":743569,"minecraft:deaths":12,"minecraft:jump":10346,"minecraft:interact_with_brewingstand":1,"minecraft:walk_on_water_one_cm":96409,"minecraft:interact_with_furnace":131,"minecraft:traded_with_villager":8,"minecraft:sleep_in_bed":29,"minecraft:damage_dealt":24145,"minecraft:crouch_one_cm":92973,"minecraft:horse_one_cm":3591,"minecraft:mob_kills":136,"minecraft:interact_with_anvil":1,"minecraft:climb_one_cm":2290,"minecraft:walk_one_cm":586078,"minecraft:sneak_time":41772,"minecraft:walk_under_water_one_cm":53758,"minecraft:total_world_time":743569,"minecraft:interact_with_grindstone":1,"minecraft:time_since_rest":10492,"minecraft:damage_taken":14931,"minecraft:swim_one_cm":172984,"minecraft:fly_one_cm":2741958,"minecraft:open_chest":301,"minecraft:fall_one_cm":337043}},"DataVersion":3465}