{"stats":{"minecraft:broken":{"minecraft:stone_sword":1,"minecraft:stone_pickaxe":1,"minecraft:stone_axe":2,"minecraft:golden_pickaxe":1},"minecraft:used":{"minecraft:oak_fence":3,"minecraft:stone_sword":137,"minecraft:acacia_log":3,"minecraft:carved_pumpkin":2,"minecraft:ladder":1,"minecraft:chest":1,"minecraft:shield":57,"quark:feeding_trough":1,"minecraft:cooked_chicken":4,"minecraft:stone_hoe":17,"minecraft:rotten_flesh":3,"minecraft:netherrack":20,"minecraft:dirt":43,"minecraft:white_carpet":3,"alexsmobs:cooked_kangaroo_meat":6,"minecraft:twisting_vines":2,"minecraft:lava_bucket":8,"mekanismgenerators:heat_generator":1,"alexsmobs:kangaroo_burger":1,"minecraft:melon_seeds":6,"minecraft:furnace":5,"minecraft:acacia_fence":44,"minecraft:egg":3,"minecraft:cobbled_deepslate":12,"minecraft:pumpkin":1,"minecraft:cooked_mutton":3,"minecraft:wheat_seeds":162,"minecraft:water_bucket":49,"minecraft:diorite":2,"minecraft:stone_pickaxe":172,"minecraft:ender_pearl":1,"minecraft:wooden_pickaxe":8,"minecraft:sandstone":9,"minecraft:composter":1,"minecraft:sand":26,"minecraft:crafting_table":6,"minecraft:white_bed":5,"minecraft:campfire":1,"minecraft:shears":1,"alexsmobs:flying_fish":1,"minecraft:apple":2,"minecraft:melon_slice":103,"minecraft:bread":14,"minecraft:iron_pickaxe":199,"minecraft:gravel":1,"minecraft:stone_axe":218,"minecraft:golden_helmet":1,"simpleplanes:plane_workbench":1,"simpleplanes:large_plane":2,"minecraft:cobblestone":12,"minecraft:cooked_rabbit":2,"minecraft:cooked_porkchop":1,"minecraft:andesite":1,"minecraft:bucket":58,"quark:oak_chest":1,"minecraft:oak_boat":13,"minecraft:golden_pickaxe":32,"minecraft:bone_meal":19},"minecraft:killed_by":{"minecraft:zombie_villager":1,"minecraft:skeleton":1,"minecraft:zombie":1,"alexsmobs:grizzly_bear":2},"minecraft:custom":{"minecraft:mob_kills":68,"minecraft:animals_bred":4,"minecraft:interact_with_crafting_table":51,"minecraft:interact_with_campfire":3,"minecraft:leave_game":15,"minecraft:time_since_death":125153,"minecraft:climb_one_cm":6192,"minecraft:sprint_one_cm":940482,"minecraft:walk_one_cm":325610,"minecraft:damage_blocked_by_shield":1990,"minecraft:drop":37,"minecraft:talked_to_villager":2,"minecraft:play_time":339431,"minecraft:sneak_time":18084,"minecraft:deaths":7,"minecraft:walk_under_water_one_cm":7785,"minecraft:boat_one_cm":454850,"minecraft:jump":3999,"minecraft:walk_on_water_one_cm":26608,"minecraft:total_world_time":339431,"minecraft:interact_with_furnace":77,"minecraft:sleep_in_bed":25,"minecraft:time_since_rest":3069,"minecraft:damage_taken":4635,"minecraft:damage_dealt":11921,"minecraft:swim_one_cm":19108,"minecraft:fly_one_cm":990186,"minecraft:open_chest":82,"minecraft:crouch_one_cm":46497,"minecraft:fall_one_cm":107048},"minecraft:crafted":{"minecraft:oak_planks":48,"mekanism:ingot_osmium":1,"simpleplanes:plane_workbench":1,"minecraft:cooked_chicken":4,"minecraft:furnace":2,"minecraft:bone_meal":15,"mekanismgenerators:heat_generator":1,"quark:deepslate_furnace":1,"minecraft:cooked_mutton":3,"simpleplanes:large_plane":1,"minecraft:iron_axe":1,"minecraft:melon_seeds":6,"minecraft:ladder":4,"minecraft:stone_pickaxe":2,"minecraft:chest":1,"minecraft:acacia_fence":36,"simpleplanes:propeller":1,"alexsmobs:kangaroo_burger":2,"minecraft:stone_hoe":1,"minecraft:wheat":99,"minecraft:cooked_beef":9,"mekanism:ingot_tin":9,"quark:feeding_trough":1,"minecraft:crafting_table":3,"minecraft:acacia_slab":12,"minecraft:wooden_pickaxe":1,"alexsmobs:cooked_kangaroo_meat":8,"minecraft:copper_ingot":5,"minecraft:bucket":1,"minecraft:campfire":1,"minecraft:stone_axe":2,"minecraft:air":0,"minecraft:bread":18,"minecraft:jungle_planks":16,"minecraft:oak_boat":1,"minecraft:charcoal":6,"minecraft:shield":1,"minecraft:stick":48,"quark:oak_chest":1,"minecraft:iron_ingot":20,"minecraft:iron_pickaxe":1,"minecraft:stone_sword":1,"minecraft:composter":1,"minecraft:acacia_planks":76},"minecraft:picked_up":{"minecraft:crafting_table":4,"minecraft:wheat":80,"minecraft:chicken":4,"minecraft:ladder":1,"mekanism:raw_uranium":5,"minecraft:stone_slab":1,"minecraft:cooked_rabbit":2,"alexsmobs:gazelle_horn":1,"minecraft:string":6,"minecraft:raw_copper":5,"minecraft:white_carpet":3,"minecraft:cracked_stone_bricks":1,"minecraft:cobbled_deepslate":25,"minecraft:beef":9,"minecraft:oak_boat":14,"minecraft:jungle_sapling":2,"minecraft:melon_slice":165,"minecraft:birch_sapling":6,"minecraft:furnace":4,"minecraft:egg":5,"minecraft:stick":33,"minecraft:raw_iron":63,"minecraft:sandstone":14,"minecraft:acacia_fence":10,"minecraft:oak_fence":15,"minecraft:acacia_log":49,"minecraft:porkchop":1,"minecraft:diorite":2,"minecraft:redstone":82,"mekanism:raw_tin":7,"minecraft:rabbit_foot":3,"minecraft:arrow":8,"minecraft:rotten_flesh":16,"minecraft:tropical_fish":22,"minecraft:shears":1,"minecraft:hay_block":11,"minecraft:carved_pumpkin":2,"minecraft:mutton":3,"alexsmobs:flying_fish":1,"minecraft:cod":11,"alexsmobs:kangaroo_meat":8,"minecraft:white_wool":2,"minecraft:cobblestone":69,"minecraft:magma_block":3,"minecraft:feather":6,"electrodynamics:dustsulfur":89,"minecraft:water_bucket":1,"minecraft:andesite":1,"minecraft:jungle_log":4,"minecraft:leather":4,"alexsmobs:acacia_blossom":1,"alexsmobs:bear_fur":1,"minecraft:flint":1,"minecraft:oak_log":21,"minecraft:gunpowder":2,"minecraft:lapis_lazuli":51,"minecraft:dirt":68,"minecraft:twisting_vines":5,"minecraft:bone":12,"minecraft:apple":2,"minecraft:stone_bricks":2,"minecraft:wheat_seeds":223,"minecraft:raw_gold":2,"minecraft:rabbit_hide":1,"minecraft:iron_ingot":1,"minecraft:stone_pickaxe":1,"minecraft:rabbit":2,"minecraft:acacia_sapling":21,"minecraft:mossy_stone_brick_stairs":2,"minecraft:cooked_porkchop":1,"minecraft:pumpkin":9,"minecraft:stone_brick_slab":3,"minecraft:raw_iron_block":1,"minecraft:gravel":1,"minecraft:sand":26,"minecraft:ink_sac":7,"minecraft:white_bed":5,"quark:oak_chest":1,"minecraft:mossy_stone_brick_slab":1,"mekanism:raw_osmium":29,"minecraft:spider_eye":1,"alexsmobs:kangaroo_hide":8,"minecraft:pumpkin_seeds":5,"minecraft:diamond":2,"mekanism:fluorite_gem":14,"simpleplanes:large_plane":1,"minecraft:bone_meal":4,"minecraft:oak_sapling":15,"minecraft:netherrack":84,"minecraft:black_wool":1,"minecraft:warped_nylium":1,"minecraft:coal":58,"minecraft:ender_pearl":1},"minecraft:mined":{"minecraft:white_bed":4,"minecraft:deepslate_diamond_ore":2,"minecraft:mossy_stone_brick_slab":1,"electrodynamics:deepslateoresulfur":24,"minecraft:carved_pumpkin":2,"mekanism:deepslate_osmium_ore":6,"minecraft:ladder":1,"minecraft:acacia_log":48,"minecraft:grass_block":22,"minecraft:jungle_log":4,"minecraft:sandstone":3,"minecraft:hay_block":11,"minecraft:raw_iron_block":1,"minecraft:magma_block":3,"minecraft:furnace":4,"minecraft:iron_ore":8,"minecraft:fire":14,"minecraft:cobbled_deepslate":1,"minecraft:pumpkin":9,"minecraft:deepslate_lapis_ore":7,"minecraft:twisting_vines":3,"minecraft:mossy_stone_brick_stairs":2,"minecraft:deepslate_iron_ore":56,"minecraft:flowering_azalea_leaves":1,"minecraft:stone":59,"minecraft:deepslate_redstone_ore":20,"mekanism:osmium_ore":21,"quark:oak_chest":1,"minecraft:twisting_vines_plant":2,"minecraft:stone_brick_slab":3,"minecraft:oak_fence":14,"minecraft:crafting_table":6,"minecraft:melon":35,"minecraft:stone_slab":1,"minecraft:copper_ore":1,"minecraft:tall_grass":24,"minecraft:cobblestone":1,"minecraft:deepslate_gold_ore":2,"minecraft:wheat":5,"minecraft:white_carpet":3,"minecraft:grass":477,"mekanism:deepslate_tin_ore":7,"minecraft:oak_log":20,"minecraft:coal_ore":46,"minecraft:acacia_fence":10,"minecraft:gravel":1,"minecraft:sand":4,"mekanism:deepslate_fluorite_ore":5,"minecraft:dirt":15,"mekanism:deepslate_uranium_ore":5,"minecraft:cracked_stone_bricks":1,"minecraft:stone_bricks":2,"minecraft:netherrack":86,"minecraft:oak_leaves":8,"minecraft:mossy_stone_bricks":1,"minecraft:deepslate":24,"minecraft:fern":4},"minecraft:killed":{"minecraft:spider":4,"alexsmobs:tasmanian_devil":1,"alexsmobs:rattlesnake":1,"minecraft:skeleton":8,"mekanismadditions:baby_skeleton":1,"minecraft:chicken":4,"alexsmobs:kangaroo":5,"minecraft:husk":3,"minecraft:pig":1,"mekanismadditions:baby_enderman":1,"alexsmobs:grizzly_bear":1,"minecraft:wandering_trader":1,"minecraft:creeper":1,"minecraft:sheep":3,"minecraft:trader_llama":2,"minecraft:zombie":22,"alexsmobs:gazelle":1,"alexsmobs:crow":1,"minecraft:cow":5},"minecraft:dropped":{"minecraft:water_bucket":1,"minecraft:oak_fence":1,"minecraft:cracked_stone_bricks":1,"minecraft:tropical_fish":22,"minecraft:acacia_log":3,"minecraft:cod":11,"minecraft:dirt":9,"alexsmobs:kangaroo_burger":1,"minecraft:melon_slice":18,"minecraft:white_wool":1,"minecraft:rotten_flesh":1,"minecraft:shears":1,"minecraft:pumpkin_seeds":2,"minecraft:gunpowder":1,"minecraft:oak_boat":1,"minecraft:stone_pickaxe":1,"minecraft:black_wool":1}},"DataVersion":3465}