{"stats":{"minecraft:killed":{"minecraft:spider":1,"alexsmobs:tasmanian_devil":1,"alexsmobs:rattlesnake":1,"minecraft:skeleton":2,"mekanismadditions:baby_skeleton":1,"minecraft:chicken":4,"minecraft:husk":3,"minecraft:pig":1,"alexsmobs:grizzly_bear":1,"minecraft:wandering_trader":1,"minecraft:creeper":1,"minecraft:sheep":3,"minecraft:trader_llama":2,"minecraft:zombie":1,"alexsmobs:gazelle":1,"alexsmobs:crow":1},"minecraft:dropped":{"minecraft:oak_fence":1,"minecraft:cracked_stone_bricks":1,"minecraft:acacia_log":3,"minecraft:dirt":9,"minecraft:melon_slice":18,"minecraft:white_wool":1,"minecraft:rotten_flesh":1,"minecraft:gunpowder":1,"minecraft:oak_boat":1,"minecraft:black_wool":1},"minecraft:picked_up":{"minecraft:crafting_table":4,"minecraft:wheat":4,"minecraft:chicken":4,"minecraft:stone_slab":1,"minecraft:cooked_rabbit":2,"alexsmobs:gazelle_horn":1,"minecraft:string":1,"minecraft:raw_copper":5,"minecraft:cracked_stone_bricks":1,"minecraft:oak_boat":8,"minecraft:jungle_sapling":2,"minecraft:melon_slice":110,"minecraft:birch_sapling":6,"minecraft:egg":2,"minecraft:furnace":4,"minecraft:stick":24,"minecraft:raw_iron":6,"minecraft:sandstone":14,"minecraft:oak_fence":1,"minecraft:acacia_log":22,"minecraft:porkchop":1,"minecraft:diorite":2,"minecraft:rabbit_foot":3,"minecraft:arrow":1,"minecraft:rotten_flesh":7,"minecraft:mutton":3,"minecraft:white_wool":2,"minecraft:cobblestone":44,"minecraft:magma_block":3,"minecraft:feather":6,"minecraft:andesite":1,"minecraft:jungle_log":4,"alexsmobs:bear_fur":1,"minecraft:flint":1,"minecraft:oak_log":21,"minecraft:gunpowder":2,"minecraft:dirt":12,"minecraft:bone":4,"minecraft:apple":2,"minecraft:stone_bricks":2,"minecraft:wheat_seeds":72,"minecraft:rabbit_hide":1,"minecraft:iron_ingot":1,"minecraft:rabbit":2,"minecraft:mossy_stone_brick_stairs":2,"minecraft:acacia_sapling":8,"minecraft:pumpkin":9,"minecraft:cooked_porkchop":1,"minecraft:stone_brick_slab":3,"minecraft:sand":23,"minecraft:ink_sac":7,"minecraft:white_bed":5,"mekanism:raw_osmium":12,"minecraft:mossy_stone_brick_slab":1,"quark:oak_chest":1,"minecraft:coal":26,"minecraft:oak_sapling":15,"minecraft:netherrack":79,"minecraft:black_wool":1},"minecraft:broken":{"minecraft:stone_pickaxe":1,"minecraft:golden_pickaxe":1},"minecraft:killed_by":{"alexsmobs:grizzly_bear":2},"minecraft:used":{"minecraft:stone_sword":56,"minecraft:chest":1,"minecraft:shield":22,"minecraft:cooked_chicken":4,"minecraft:rotten_flesh":2,"minecraft:dirt":3,"minecraft:lava_bucket":8,"minecraft:melon_seeds":6,"minecraft:furnace":5,"minecraft:wheat_seeds":67,"minecraft:cooked_mutton":3,"minecraft:water_bucket":21,"minecraft:diorite":2,"minecraft:stone_pickaxe":132,"minecraft:wooden_pickaxe":8,"minecraft:sandstone":9,"minecraft:sand":23,"minecraft:crafting_table":5,"minecraft:white_bed":5,"minecraft:campfire":1,"minecraft:apple":2,"minecraft:melon_slice":67,"minecraft:golden_helmet":1,"minecraft:stone_axe":111,"minecraft:cobblestone":12,"minecraft:cooked_porkchop":1,"minecraft:bucket":30,"minecraft:cooked_rabbit":2,"minecraft:andesite":1,"quark:oak_chest":1,"minecraft:oak_boat":7,"minecraft:bone_meal":12,"minecraft:golden_pickaxe":32},"minecraft:custom":{"minecraft:mob_kills":27,"minecraft:animals_bred":2,"minecraft:interact_with_crafting_table":17,"minecraft:interact_with_campfire":3,"minecraft:leave_game":8,"minecraft:time_since_death":139879,"minecraft:climb_one_cm":3828,"minecraft:sprint_one_cm":511349,"minecraft:walk_one_cm":147936,"minecraft:damage_blocked_by_shield":930,"minecraft:drop":29,"minecraft:play_time":166619,"minecraft:deaths":3,"minecraft:sneak_time":7411,"minecraft:walk_under_water_one_cm":3532,"minecraft:boat_one_cm":350640,"minecraft:jump":2166,"minecraft:walk_on_water_one_cm":19505,"minecraft:total_world_time":166619,"minecraft:interact_with_furnace":30,"minecraft:sleep_in_bed":9,"minecraft:time_since_rest":11346,"minecraft:damage_taken":2010,"minecraft:damage_dealt":4221,"minecraft:swim_one_cm":16526,"minecraft:fly_one_cm":643613,"minecraft:open_chest":19,"minecraft:crouch_one_cm":19523,"minecraft:fall_one_cm":58072},"minecraft:mined":{"minecraft:white_bed":4,"minecraft:mossy_stone_brick_slab":1,"minecraft:acacia_log":22,"minecraft:grass_block":6,"minecraft:jungle_log":4,"minecraft:sandstone":3,"minecraft:magma_block":3,"minecraft:furnace":4,"minecraft:iron_ore":7,"minecraft:fire":14,"minecraft:pumpkin":9,"minecraft:mossy_stone_brick_stairs":2,"minecraft:flowering_azalea_leaves":1,"minecraft:stone":34,"mekanism:osmium_ore":10,"quark:oak_chest":1,"minecraft:stone_brick_slab":3,"minecraft:crafting_table":6,"minecraft:melon":25,"minecraft:stone_slab":1,"minecraft:tall_grass":21,"minecraft:copper_ore":1,"minecraft:cobblestone":1,"minecraft:wheat":5,"minecraft:grass":453,"minecraft:oak_log":20,"minecraft:coal_ore":14,"minecraft:sand":1,"minecraft:dirt":1,"minecraft:cracked_stone_bricks":1,"minecraft:stone_bricks":2,"minecraft:netherrack":81,"minecraft:mossy_stone_bricks":1,"minecraft:oak_leaves":8,"minecraft:fern":3},"minecraft:crafted":{"minecraft:oak_planks":16,"minecraft:cooked_chicken":4,"minecraft:furnace":1,"minecraft:bone_meal":12,"minecraft:cooked_mutton":3,"minecraft:melon_seeds":6,"minecraft:stone_pickaxe":2,"minecraft:chest":1,"minecraft:crafting_table":1,"minecraft:wooden_pickaxe":1,"minecraft:bucket":1,"minecraft:campfire":1,"minecraft:stone_axe":1,"minecraft:air":0,"minecraft:jungle_planks":16,"minecraft:oak_boat":1,"minecraft:charcoal":6,"minecraft:shield":1,"minecraft:stick":12,"quark:oak_chest":1,"minecraft:iron_ingot":5,"minecraft:stone_sword":1}},"DataVersion":3465}