{"stats":{"minecraft:broken":{"minecraft:stone_pickaxe":1,"minecraft:stone_axe":1,"minecraft:golden_pickaxe":1},"minecraft:used":{"minecraft:oak_fence":3,"minecraft:stone_sword":107,"minecraft:acacia_log":3,"minecraft:carved_pumpkin":2,"minecraft:ladder":1,"minecraft:chest":1,"minecraft:shield":33,"quark:feeding_trough":1,"minecraft:cooked_chicken":4,"minecraft:stone_hoe":17,"minecraft:rotten_flesh":3,"minecraft:netherrack":20,"minecraft:dirt":43,"minecraft:white_carpet":3,"minecraft:twisting_vines":2,"alexsmobs:cooked_kangaroo_meat":1,"minecraft:lava_bucket":8,"alexsmobs:kangaroo_burger":1,"minecraft:melon_seeds":6,"minecraft:furnace":5,"minecraft:acacia_fence":44,"minecraft:egg":3,"minecraft:pumpkin":1,"minecraft:wheat_seeds":162,"minecraft:cooked_mutton":3,"minecraft:water_bucket":33,"minecraft:diorite":2,"minecraft:stone_pickaxe":142,"minecraft:ender_pearl":1,"minecraft:wooden_pickaxe":8,"minecraft:sandstone":9,"minecraft:composter":1,"minecraft:sand":23,"minecraft:crafting_table":5,"minecraft:white_bed":5,"minecraft:campfire":1,"minecraft:shears":1,"alexsmobs:flying_fish":1,"minecraft:apple":2,"minecraft:melon_slice":94,"minecraft:bread":7,"minecraft:iron_pickaxe":44,"minecraft:gravel":1,"minecraft:golden_helmet":1,"minecraft:stone_axe":201,"minecraft:cobblestone":12,"minecraft:cooked_porkchop":1,"minecraft:cooked_rabbit":2,"minecraft:andesite":1,"minecraft:bucket":42,"quark:oak_chest":1,"minecraft:oak_boat":11,"minecraft:golden_pickaxe":32,"minecraft:bone_meal":19},"minecraft:killed_by":{"minecraft:zombie_villager":1,"minecraft:skeleton":1,"minecraft:zombie":1,"alexsmobs:grizzly_bear":2},"minecraft:custom":{"minecraft:mob_kills":52,"minecraft:animals_bred":4,"minecraft:interact_with_crafting_table":33,"minecraft:interact_with_campfire":3,"minecraft:leave_game":11,"minecraft:time_since_death":52486,"minecraft:climb_one_cm":4912,"minecraft:sprint_one_cm":815327,"minecraft:walk_one_cm":274438,"minecraft:damage_blocked_by_shield":1270,"minecraft:drop":35,"minecraft:talked_to_villager":2,"minecraft:play_time":266764,"minecraft:sneak_time":12894,"minecraft:deaths":7,"minecraft:walk_under_water_one_cm":4453,"minecraft:boat_one_cm":450260,"minecraft:jump":3284,"minecraft:walk_on_water_one_cm":23908,"minecraft:total_world_time":266764,"minecraft:interact_with_furnace":46,"minecraft:sleep_in_bed":19,"minecraft:time_since_rest":24869,"minecraft:damage_taken":3719,"minecraft:damage_dealt":9017,"minecraft:swim_one_cm":17697,"minecraft:fly_one_cm":898794,"minecraft:open_chest":44,"minecraft:crouch_one_cm":32192,"minecraft:fall_one_cm":92611},"minecraft:crafted":{"minecraft:oak_planks":48,"minecraft:cooked_chicken":4,"minecraft:furnace":1,"minecraft:bone_meal":15,"minecraft:cooked_mutton":3,"minecraft:melon_seeds":6,"minecraft:ladder":4,"minecraft:stone_pickaxe":2,"minecraft:chest":1,"minecraft:acacia_fence":36,"alexsmobs:kangaroo_burger":2,"minecraft:stone_hoe":1,"minecraft:wheat":99,"mekanism:ingot_tin":9,"quark:feeding_trough":1,"minecraft:crafting_table":1,"minecraft:acacia_slab":12,"minecraft:wooden_pickaxe":1,"alexsmobs:cooked_kangaroo_meat":8,"minecraft:bucket":1,"minecraft:campfire":1,"minecraft:stone_axe":2,"minecraft:air":0,"minecraft:bread":18,"minecraft:jungle_planks":16,"minecraft:oak_boat":1,"minecraft:charcoal":6,"minecraft:shield":1,"minecraft:stick":48,"quark:oak_chest":1,"minecraft:iron_ingot":6,"minecraft:iron_pickaxe":1,"minecraft:stone_sword":1,"minecraft:composter":1,"minecraft:acacia_planks":76},"minecraft:picked_up":{"minecraft:crafting_table":4,"minecraft:wheat":80,"minecraft:chicken":4,"minecraft:ladder":1,"minecraft:stone_slab":1,"minecraft:cooked_rabbit":2,"alexsmobs:gazelle_horn":1,"minecraft:string":1,"minecraft:raw_copper":5,"minecraft:white_carpet":3,"minecraft:cracked_stone_bricks":1,"minecraft:cobbled_deepslate":3,"minecraft:beef":9,"minecraft:oak_boat":12,"minecraft:jungle_sapling":2,"minecraft:melon_slice":137,"minecraft:birch_sapling":6,"minecraft:furnace":4,"minecraft:egg":5,"minecraft:stick":32,"minecraft:raw_iron":12,"minecraft:sandstone":14,"minecraft:acacia_fence":10,"minecraft:oak_fence":15,"minecraft:acacia_log":49,"minecraft:porkchop":1,"minecraft:diorite":2,"minecraft:rabbit_foot":3,"minecraft:arrow":4,"minecraft:rotten_flesh":15,"minecraft:shears":1,"minecraft:hay_block":11,"minecraft:carved_pumpkin":2,"minecraft:mutton":3,"alexsmobs:flying_fish":1,"alexsmobs:kangaroo_meat":8,"minecraft:white_wool":2,"minecraft:cobblestone":45,"minecraft:magma_block":3,"minecraft:feather":6,"electrodynamics:dustsulfur":37,"minecraft:andesite":1,"minecraft:water_bucket":1,"minecraft:jungle_log":4,"minecraft:leather":4,"alexsmobs:acacia_blossom":1,"alexsmobs:bear_fur":1,"minecraft:flint":1,"minecraft:oak_log":21,"minecraft:gunpowder":2,"minecraft:dirt":68,"minecraft:twisting_vines":5,"minecraft:bone":6,"minecraft:apple":2,"minecraft:stone_bricks":2,"minecraft:wheat_seeds":222,"minecraft:rabbit_hide":1,"minecraft:stone_pickaxe":1,"minecraft:iron_ingot":1,"minecraft:rabbit":2,"minecraft:acacia_sapling":21,"minecraft:mossy_stone_brick_stairs":2,"minecraft:cooked_porkchop":1,"minecraft:pumpkin":9,"minecraft:stone_brick_slab":3,"minecraft:gravel":1,"minecraft:sand":23,"minecraft:ink_sac":7,"minecraft:white_bed":5,"minecraft:mossy_stone_brick_slab":1,"quark:oak_chest":1,"mekanism:raw_osmium":20,"alexsmobs:kangaroo_hide":8,"minecraft:pumpkin_seeds":5,"minecraft:bone_meal":4,"minecraft:warped_nylium":1,"minecraft:oak_sapling":15,"minecraft:netherrack":84,"minecraft:black_wool":1,"minecraft:coal":45,"minecraft:ender_pearl":1},"minecraft:mined":{"minecraft:white_bed":4,"minecraft:mossy_stone_brick_slab":1,"electrodynamics:deepslateoresulfur":10,"minecraft:carved_pumpkin":2,"minecraft:ladder":1,"minecraft:acacia_log":48,"minecraft:grass_block":22,"minecraft:jungle_log":4,"minecraft:sandstone":3,"minecraft:hay_block":11,"minecraft:magma_block":3,"minecraft:furnace":4,"minecraft:iron_ore":8,"minecraft:fire":14,"minecraft:pumpkin":9,"minecraft:twisting_vines":3,"minecraft:mossy_stone_brick_stairs":2,"minecraft:deepslate_iron_ore":5,"minecraft:flowering_azalea_leaves":1,"minecraft:stone":35,"mekanism:osmium_ore":18,"quark:oak_chest":1,"minecraft:twisting_vines_plant":2,"minecraft:stone_brick_slab":3,"minecraft:oak_fence":14,"minecraft:crafting_table":6,"minecraft:melon":30,"minecraft:stone_slab":1,"minecraft:tall_grass":24,"minecraft:copper_ore":1,"minecraft:cobblestone":1,"minecraft:wheat":5,"minecraft:white_carpet":3,"minecraft:grass":469,"minecraft:oak_log":20,"minecraft:coal_ore":33,"minecraft:acacia_fence":10,"minecraft:gravel":1,"minecraft:sand":1,"minecraft:dirt":15,"minecraft:cracked_stone_bricks":1,"minecraft:deepslate":3,"minecraft:stone_bricks":2,"minecraft:netherrack":86,"minecraft:mossy_stone_bricks":1,"minecraft:oak_leaves":8,"minecraft:fern":4},"minecraft:killed":{"minecraft:spider":1,"alexsmobs:tasmanian_devil":1,"alexsmobs:rattlesnake":1,"minecraft:skeleton":3,"mekanismadditions:baby_skeleton":1,"minecraft:chicken":4,"alexsmobs:kangaroo":5,"minecraft:husk":3,"minecraft:pig":1,"mekanismadditions:baby_enderman":1,"alexsmobs:grizzly_bear":1,"minecraft:wandering_trader":1,"minecraft:creeper":1,"minecraft:sheep":3,"minecraft:trader_llama":2,"minecraft:zombie":14,"alexsmobs:gazelle":1,"alexsmobs:crow":1,"minecraft:cow":5},"minecraft:dropped":{"minecraft:water_bucket":1,"minecraft:oak_fence":1,"minecraft:cracked_stone_bricks":1,"minecraft:acacia_log":3,"minecraft:dirt":9,"alexsmobs:kangaroo_burger":1,"minecraft:melon_slice":18,"minecraft:white_wool":1,"minecraft:rotten_flesh":1,"minecraft:shears":1,"minecraft:pumpkin_seeds":2,"minecraft:gunpowder":1,"minecraft:oak_boat":1,"minecraft:stone_pickaxe":1,"minecraft:black_wool":1}},"DataVersion":3465}