{"stats":{"minecraft:custom":{"minecraft:mob_kills":90,"minecraft:interact_with_crafting_table":188,"minecraft:leave_game":42,"minecraft:time_since_death":8569,"minecraft:climb_one_cm":1149,"minecraft:sprint_one_cm":1335567,"minecraft:damage_blocked_by_shield":3205,"minecraft:walk_one_cm":379714,"minecraft:drop":18,"minecraft:talked_to_villager":10,"minecraft:play_time":497404,"minecraft:sneak_time":34074,"minecraft:deaths":10,"minecraft:walk_under_water_one_cm":44241,"minecraft:interact_with_brewingstand":1,"minecraft:jump":7889,"minecraft:walk_on_water_one_cm":72254,"minecraft:total_world_time":497404,"minecraft:interact_with_furnace":126,"minecraft:interact_with_grindstone":1,"minecraft:sleep_in_bed":18,"minecraft:time_since_rest":8595,"minecraft:damage_taken":10330,"minecraft:damage_dealt":16547,"minecraft:swim_one_cm":140659,"minecraft:fly_one_cm":1854215,"minecraft:open_chest":206,"minecraft:crouch_one_cm":70645,"minecraft:fall_one_cm":237752,"minecraft:horse_one_cm":3591},"minecraft:broken":{"minecraft:iron_shovel":1,"minecraft:stone_sword":1,"minecraft:golden_sword":1,"minecraft:shield":1,"minecraft:stone_axe":1,"minecraft:iron_pickaxe":1,"quark:forgotten_hat":1},"minecraft:killed_by":{"minecraft:player":1,"mekanismadditions:baby_skeleton":1,"minecraft:zombie":2},"minecraft:mined":{"minecraft:crying_obsidian":1,"minecraft:tuff":2,"mekanism:advanced_universal_cable":8,"mekanism:energized_smelter":1,"minecraft:deepslate_diamond_ore":1,"mekanism:electrolytic_separator":1,"mekanismgenerators:solar_generator":4,"mekanismgenerators:heat_generator":1,"minecraft:obsidian":9,"mekanism:deepslate_osmium_ore":4,"minecraft:granite":5,"minecraft:grass_block":130,"dynamictrees:cherry_sapling":2,"quark:glow_lichen_growth":1,"minecraft:hay_block":29,"dynamictrees:oak_leaves":4,"minecraft:redstone_ore":6,"minecraft:furnace":4,"minecraft:iron_ore":79,"minecraft:fire":4,"minecraft:andesite":6,"minecraft:deepslate_lapis_ore":5,"minecraft:peony":1,"minecraft:sculk_shrieker":1,"minecraft:pointed_dripstone":2,"minecraft:deepslate_iron_ore":12,"minecraft:dirt_path":2,"minecraft:stone":191,"minecraft:deepslate_redstone_ore":32,"mekanism:crusher":1,"mekanism:osmium_ore":66,"minecraft:red_bed":4,"quark:oak_chest":2,"mekanism:enrichment_chamber":1,"minecraft:snow_block":2,"mekanism:basic_energy_cube":2,"minecraft:stone_brick_slab":1,"minecraft:crafting_table":4,"minecraft:chest":3,"mekanism:tin_ore":5,"minecraft:copper_ore":1,"minecraft:tall_grass":10,"minecraft:cobblestone":8,"minecraft:deepslate_gold_ore":17,"minecraft:lapis_ore":3,"minecraft:sugar_cane":2,"mekanism:metallurgic_infuser":2,"minecraft:sculk":1,"minecraft:seagrass":1,"mekanism:fluorite_ore":9,"minecraft:wheat":2,"minecraft:grass":58,"mekanism:deepslate_tin_ore":1,"minecraft:oak_log":25,"minecraft:coal_ore":258,"mekanism:lead_ore":10,"minecraft:acacia_fence":1,"minecraft:sand":38,"minecraft:acacia_door":1,"minecraft:dirt":122,"mekanism:deepslate_uranium_ore":5,"mekanism:electric_pump":1,"mekanism:basic_universal_cable":9,"minecraft:netherrack":3,"minecraft:gold_ore":10,"minecraft:oak_leaves":6,"minecraft:deepslate":37},"minecraft:dropped":{"minecraft:water_bucket":1,"minecraft:bread":25,"mekanism:jetpack":1,"minecraft:cobblestone":23,"minecraft:coal":14,"minecraft:grass":1,"minecraft:torch":8,"minecraft:wooden_axe":1,"minecraft:iron_pickaxe":6,"minecraft:gravel":4,"minecraft:furnace":1,"mekanism:personal_chest":1,"minecraft:stone_pickaxe":1},"minecraft:picked_up":{"minecraft:crafting_table":4,"mekanism:electrolytic_separator":1,"minecraft:wheat":173,"minecraft:chicken":1,"mekanism:raw_uranium":5,"minecraft:lead":2,"mekanismgenerators:heat_generator":1,"minecraft:string":3,"minecraft:red_bed":4,"minecraft:moss_carpet":2,"minecraft:raw_copper":6,"minecraft:acacia_door":1,"mekanism:energized_smelter":1,"minecraft:cobbled_deepslate":38,"mekanism:basic_universal_cable":9,"minecraft:beef":1,"dynamictrees:oak_seed":1,"minecraft:poppy":2,"minecraft:iron_pickaxe":5,"minecraft:sugar_cane":4,"minecraft:chest":3,"minecraft:furnace":5,"minecraft:egg":5,"minecraft:stick":35,"minecraft:raw_iron":90,"minecraft:acacia_fence":1,"minecraft:torch":1,"minecraft:acacia_log":8,"minecraft:cherry_log":1,"minecraft:pointed_dripstone":8,"mekanism:basic_energy_cube":3,"minecraft:redstone":165,"mekanismgenerators:solar_generator":4,"mekanism:raw_tin":7,"mekanism:crusher":1,"minecraft:arrow":35,"minecraft:rotten_flesh":33,"minecraft:peony":3,"minecraft:hay_block":29,"minecraft:obsidian":9,"minecraft:snowball":152,"minecraft:cobblestone":202,"quark:music_disc_wind":1,"minecraft:birch_log":2,"mekanism:electric_pump":1,"minecraft:cooked_beef":2,"minecraft:magma_cream":2,"mekanism:raw_lead":10,"minecraft:andesite":6,"minecraft:leather":6,"minecraft:tuff":2,"minecraft:oak_log":25,"minecraft:gunpowder":5,"minecraft:lapis_lazuli":51,"minecraft:dirt":427,"quark:forgotten_hat":1,"mekanism:enrichment_chamber":1,"minecraft:bone":32,"mekanism:dust_steel":1,"minecraft:bow":2,"minecraft:wheat_seeds":322,"minecraft:raw_gold":27,"minecraft:iron_ingot":3,"minecraft:cooked_chicken":4,"mekanism:metallurgic_infuser":2,"minecraft:cooked_porkchop":2,"minecraft:stone_brick_slab":1,"minecraft:dripstone_block":5,"minecraft:gravel":10,"minecraft:sand":38,"dynamictrees:acacia_seed":6,"minecraft:ink_sac":2,"quark:oak_chest":2,"minecraft:grass_block":1,"minecraft:crying_obsidian":1,"mekanism:raw_osmium":70,"minecraft:spider_eye":2,"mekanism:advanced_universal_cable":8,"minecraft:diamond":2,"mekanism:fluorite_gem":30,"minecraft:granite":5,"dynamictrees:cherry_seed":3,"minecraft:grass":1,"quark:hollow_birch_log":1,"minecraft:bread":4,"minecraft:oak_sapling":7,"minecraft:netherrack":3,"minecraft:coal":264,"minecraft:ender_pearl":1},"minecraft:crafted":{"minecraft:oak_planks":132,"mekanism:basic_universal_cable":16,"mekanismgenerators:solar_generator":1,"mekanism:ingot_osmium":26,"mekanism:electrolytic_separator":1,"minecraft:cooked_chicken":1,"mekanism:basic_chemical_tank":1,"mekanism:electrolytic_core":1,"minecraft:furnace":4,"mekanism:energized_smelter":1,"mekanismgenerators:heat_generator":1,"minecraft:flint_and_steel":1,"mekanism:jetpack":1,"minecraft:glass_pane":16,"minecraft:glass":24,"minecraft:stone_pickaxe":2,"mekanism:electric_pump":1,"minecraft:chest":4,"mekanism:personal_chest":2,"mekanism:basic_fluid_tank":1,"mekanism:ingot_steel":27,"minecraft:stone_hoe":1,"mekanism:energy_tablet":3,"mekanismtools:osmium_pickaxe":1,"minecraft:wheat":243,"minecraft:cooked_beef":4,"mekanism:ingot_tin":4,"minecraft:cooked_porkchop":9,"mekanism:metallurgic_infuser":1,"minecraft:crafting_table":3,"minecraft:wooden_pickaxe":1,"minecraft:copper_ingot":6,"minecraft:bucket":3,"minecraft:birch_planks":8,"minecraft:stone_axe":2,"mekanism:ingot_lead":5,"minecraft:bread":138,"minecraft:air":0,"mekanism:upgrade_speed":2,"mekanism:basic_energy_cube":1,"mekanism:steel_casing":5,"minecraft:shield":1,"mekanism:enrichment_chamber":1,"minecraft:stick":24,"quark:oak_chest":10,"mekanism:crusher":1,"minecraft:iron_ingot":85,"minecraft:iron_pickaxe":3,"minecraft:wooden_axe":1,"minecraft:stone_sword":1,"minecraft:iron_shovel":1,"minecraft:gold_ingot":22,"mekanism:advanced_control_circuit":1,"minecraft:acacia_planks":8,"mekanismtools:steel_pickaxe":1,"minecraft:torch":8,"mekanism:advanced_universal_cable":16,"mekanismgenerators:solar_panel":3},"minecraft:used":{"minecraft:peony":3,"minecraft:moss_carpet":2,"minecraft:stone_sword":133,"mekanism:enrichment_chamber":2,"minecraft:iron_shovel":253,"minecraft:flint_and_steel":2,"minecraft:chest":3,"minecraft:shield":87,"minecraft:cooked_chicken":5,"minecraft:rotten_flesh":5,"minecraft:stone_hoe":9,"minecraft:netherrack":3,"minecraft:torch":1,"minecraft:dirt":167,"mekanism:basic_universal_cable":10,"minecraft:snowball":305,"minecraft:obsidian":7,"mekanism:basic_energy_cube":4,"minecraft:wooden_axe":12,"minecraft:lava_bucket":10,"mekanismgenerators:heat_generator":2,"minecraft:golden_sword":34,"minecraft:bow":3,"minecraft:hay_block":2,"minecraft:oak_sapling":3,"minecraft:furnace":2,"minecraft:egg":4,"minecraft:cooked_beef":6,"mekanism:electrolytic_separator":2,"minecraft:cobbled_deepslate":6,"mekanism:advanced_universal_cable":13,"minecraft:pointed_dripstone":1,"minecraft:wheat_seeds":3,"minecraft:water_bucket":180,"mekanism:electric_pump":2,"minecraft:stone_pickaxe":83,"minecraft:oak_planks":3,"mekanism:personal_chest":13,"quark:hollow_birch_log":1,"minecraft:wooden_pickaxe":26,"minecraft:red_bed":2,"minecraft:crafting_table":7,"minecraft:dripstone_block":8,"mekanismtools:osmium_pickaxe":347,"dynamictrees:cherry_seed":2,"mekanism:crusher":2,"minecraft:crying_obsidian":1,"minecraft:acacia_door":1,"minecraft:iron_pickaxe":360,"mekanism:upgrade_speed":6,"minecraft:bread":128,"mekanism:metallurgic_infuser":3,"mekanismtools:steel_pickaxe":12,"mekanism:energized_smelter":2,"minecraft:gravel":4,"minecraft:stone_axe":94,"mekanismgenerators:solar_generator":5,"minecraft:cobblestone":24,"quark:glow_lichen_growth":1,"minecraft:andesite":8,"minecraft:cooked_porkchop":11,"minecraft:bucket":193,"quark:oak_chest":7,"mekanism:jetpack":2},"minecraft:killed":{"minecraft:spider":5,"quark:toretoise":1,"quark:forgotten":1,"minecraft:skeleton":21,"mekanismadditions:baby_skeleton":6,"minecraft:chicken":1,"minecraft:magma_cube":7,"quark:foxhound":1,"minecraft:wandering_trader":1,"minecraft:creeper":6,"minecraft:trader_llama":2,"minecraft:zombie":31,"minecraft:cow":1}},"DataVersion":3465}