{"stats":{"minecraft:killed":{"minecraft:spider":7,"quark:forgotten":1,"minecraft:skeleton":22,"minecraft:chicken":4,"minecraft:magma_cube":7,"minecraft:pig":1,"minecraft:salmon":8,"minecraft:creeper":9,"minecraft:trader_llama":2,"minecraft:zombie":37,"minecraft:cow":1,"quark:toretoise":1,"mekanismadditions:baby_skeleton":6,"quark:foxhound":1,"minecraft:wandering_trader":1},"minecraft:mined":{"mekanism:advanced_universal_cable":8,"mekanism:energized_smelter":1,"mekanism:electrolytic_separator":1,"minecraft:brewing_stand":1,"minecraft:obsidian":9,"minecraft:granite":5,"minecraft:grass_block":1246,"quark:glow_lichen_growth":1,"minecraft:iron_ore":80,"minecraft:fire":4,"minecraft:deepslate_lapis_ore":5,"minecraft:sculk_shrieker":1,"minecraft:pointed_dripstone":2,"minecraft:dirt_path":2,"minecraft:deepslate_redstone_ore":32,"mekanism:osmium_ore":66,"minecraft:red_bed":4,"mekanism:enrichment_chamber":1,"minecraft:poppy":1,"minecraft:chest":3,"mekanism:tin_ore":5,"minecraft:cobblestone":10,"minecraft:sugar_cane":3,"minecraft:pink_petals":4,"minecraft:seagrass":1,"mekanism:fluorite_ore":9,"minecraft:wheat":2,"minecraft:grass":68,"mekanism:deepslate_tin_ore":1,"minecraft:oak_log":25,"mekanism:lead_ore":10,"minecraft:acacia_fence":1,"minecraft:dirt":580,"minecraft:sand":76,"mekanism:basic_universal_cable":9,"minecraft:netherrack":3,"minecraft:oak_leaves":6,"minecraft:deepslate":37,"minecraft:crying_obsidian":1,"minecraft:tuff":2,"minecraft:deepslate_diamond_ore":1,"mekanismgenerators:solar_generator":4,"mekanism:deepslate_osmium_ore":4,"mekanismgenerators:heat_generator":1,"dynamictrees:cherry_sapling":2,"minecraft:hay_block":51,"dynamictrees:oak_leaves":4,"minecraft:redstone_ore":6,"minecraft:furnace":4,"minecraft:andesite":6,"minecraft:peony":1,"minecraft:deepslate_iron_ore":12,"minecraft:stone":362,"mekanism:crusher":1,"quark:oak_chest":2,"minecraft:snow_block":2,"minecraft:stone_brick_slab":1,"mekanism:basic_energy_cube":2,"minecraft:dandelion":1,"minecraft:crafting_table":4,"minecraft:lectern":6,"minecraft:tall_grass":10,"minecraft:copper_ore":1,"minecraft:lapis_ore":3,"minecraft:deepslate_gold_ore":17,"mekanism:metallurgic_infuser":2,"minecraft:sculk":1,"minecraft:coal_ore":258,"minecraft:sunflower":1,"minecraft:acacia_door":1,"mekanism:deepslate_uranium_ore":5,"mekanism:electric_pump":1,"minecraft:gold_ore":10},"minecraft:crafted":{"minecraft:oak_planks":132,"mekanismgenerators:solar_generator":1,"mekanism:ingot_osmium":26,"minecraft:cooked_chicken":1,"mekanism:electrolytic_separator":1,"mekanism:electrolytic_core":1,"mekanism:atomic_disassembler":1,"mekanismtools:osmium_chestplate":2,"mekanismgenerators:heat_generator":1,"quark:acacia_bookshelf":1,"minecraft:glass":24,"mekanismtools:osmium_boots":2,"minecraft:chest":4,"mekanism:basic_fluid_tank":1,"mekanism:ingot_steel":27,"minecraft:stone_hoe":1,"mekanism:energy_tablet":4,"mekanismtools:osmium_pickaxe":1,"mekanism:ingot_tin":4,"minecraft:emerald":7,"minecraft:cooked_porkchop":9,"minecraft:crafting_table":3,"minecraft:acacia_slab":6,"minecraft:wooden_pickaxe":1,"minecraft:copper_ingot":6,"minecraft:birch_planks":8,"mekanismtools:osmium_leggings":2,"mekanism:ingot_lead":5,"minecraft:lectern":1,"minecraft:shield":1,"minecraft:book":4,"minecraft:paper":18,"mekanism:steel_casing":6,"minecraft:stick":24,"mekanism:crusher":1,"quark:oak_chest":10,"minecraft:iron_ingot":85,"minecraft:iron_pickaxe":3,"minecraft:stone_sword":1,"minecraft:gold_ingot":22,"mekanism:osmium_compressor":1,"mekanismtools:steel_pickaxe":1,"mekanism:advanced_universal_cable":16,"mekanism:basic_universal_cable":16,"mekanism:basic_chemical_tank":1,"minecraft:furnace":4,"mekanism:energized_smelter":1,"minecraft:glass_pane":16,"mekanism:jetpack":1,"minecraft:flint_and_steel":1,"minecraft:stone_pickaxe":2,"mekanism:electric_pump":1,"mekanism:personal_chest":2,"minecraft:wheat":432,"minecraft:cooked_beef":4,"mekanism:metallurgic_infuser":1,"minecraft:bucket":3,"minecraft:stone_axe":2,"minecraft:enchanted_book":1,"minecraft:bread":147,"minecraft:air":0,"mekanism:upgrade_speed":2,"mekanism:basic_energy_cube":1,"mekanism:enrichment_chamber":1,"minecraft:wooden_axe":1,"minecraft:iron_shovel":2,"mekanism:advanced_control_circuit":2,"minecraft:acacia_planks":20,"minecraft:torch":28,"mekanismgenerators:solar_panel":3},"minecraft:dropped":{"mekanism:jetpack":1,"minecraft:grass":1,"minecraft:sunflower":3,"minecraft:iron_pickaxe":6,"minecraft:gravel":7,"mekanismtools:osmium_leggings":1,"minecraft:egg":1,"minecraft:water_bucket":1,"minecraft:bread":25,"minecraft:wheat_seeds":2,"mekanismtools:osmium_boots":1,"minecraft:cobblestone":23,"minecraft:coal":14,"minecraft:torch":8,"minecraft:wooden_axe":1,"minecraft:furnace":1,"mekanism:personal_chest":1,"mekanismtools:osmium_chestplate":1,"minecraft:stone_pickaxe":1},"minecraft:broken":{"minecraft:iron_shovel":1,"minecraft:golden_sword":1,"minecraft:stone_axe":1,"quark:forgotten_hat":1,"minecraft:stone_sword":1,"minecraft:shield":1,"minecraft:iron_pickaxe":1},"minecraft:custom":{"minecraft:interact_with_crafting_table":215,"minecraft:leave_game":44,"minecraft:time_since_death":65248,"minecraft:sprint_one_cm":1590475,"minecraft:damage_blocked_by_shield":3205,"minecraft:drop":30,"minecraft:talked_to_villager":22,"minecraft:play_time":554083,"minecraft:deaths":10,"minecraft:jump":8759,"minecraft:interact_with_brewingstand":1,"minecraft:walk_on_water_one_cm":83220,"minecraft:interact_with_furnace":128,"minecraft:traded_with_villager":8,"minecraft:sleep_in_bed":22,"minecraft:damage_dealt":19589,"minecraft:crouch_one_cm":76338,"minecraft:horse_one_cm":3591,"minecraft:mob_kills":114,"minecraft:climb_one_cm":2290,"minecraft:walk_one_cm":454689,"minecraft:sneak_time":35998,"minecraft:walk_under_water_one_cm":51205,"minecraft:total_world_time":554083,"minecraft:interact_with_grindstone":1,"minecraft:time_since_rest":25806,"minecraft:damage_taken":10795,"minecraft:swim_one_cm":171672,"minecraft:fly_one_cm":2081016,"minecraft:open_chest":237,"minecraft:fall_one_cm":264523},"minecraft:picked_up":{"minecraft:wheat":175,"mekanism:electrolytic_separator":1,"mekanism:raw_uranium":5,"minecraft:lead":2,"minecraft:brewing_stand":1,"minecraft:string":4,"minecraft:raw_copper":6,"mekanismgenerators:heat_generator":1,"mekanism:basic_universal_cable":9,"minecraft:cobbled_deepslate":38,"minecraft:iron_pickaxe":5,"dynamictrees:oak_seed":1,"minecraft:furnace":5,"minecraft:stick":35,"minecraft:acacia_fence":1,"minecraft:torch":1,"minecraft:acacia_log":8,"minecraft:porkchop":2,"minecraft:cherry_log":1,"minecraft:pointed_dripstone":8,"mekanismgenerators:solar_generator":4,"mekanism:raw_tin":7,"minecraft:rotten_flesh":36,"minecraft:obsidian":9,"minecraft:snowball":152,"minecraft:cobblestone":373,"minecraft:birch_log":2,"minecraft:pink_petals":10,"minecraft:feather":5,"minecraft:cooked_beef":2,"minecraft:magma_cream":2,"minecraft:andesite":6,"minecraft:tuff":2,"minecraft:lapis_lazuli":51,"minecraft:dirt":1937,"minecraft:bone":33,"minecraft:bow":2,"minecraft:wheat_seeds":341,"minecraft:raw_gold":27,"mekanism:metallurgic_infuser":2,"minecraft:cooked_porkchop":2,"minecraft:sand":76,"dynamictrees:acacia_seed":6,"minecraft:ink_sac":2,"minecraft:grass_block":1,"minecraft:diamond":2,"minecraft:granite":5,"minecraft:grass":1,"minecraft:bone_meal":2,"minecraft:bread":4,"minecraft:oak_sapling":7,"minecraft:netherrack":3,"minecraft:crafting_table":4,"minecraft:chicken":4,"minecraft:moss_carpet":2,"minecraft:red_bed":4,"minecraft:acacia_door":1,"mekanism:energized_smelter":1,"minecraft:beef":1,"minecraft:poppy":2,"minecraft:lectern":6,"minecraft:sugar_cane":22,"minecraft:chest":3,"minecraft:egg":14,"minecraft:raw_iron":91,"mekanism:basic_energy_cube":3,"minecraft:redstone":165,"mekanism:crusher":1,"minecraft:arrow":37,"minecraft:peony":3,"minecraft:hay_block":50,"quark:music_disc_wind":1,"mekanism:electric_pump":1,"mekanism:raw_lead":10,"minecraft:salmon":8,"minecraft:leather":6,"minecraft:oak_log":25,"minecraft:gunpowder":9,"quark:forgotten_hat":1,"mekanism:enrichment_chamber":1,"mekanism:dust_steel":1,"minecraft:iron_ingot":3,"minecraft:cooked_chicken":4,"minecraft:stone_brick_slab":1,"minecraft:dandelion":1,"minecraft:dripstone_block":5,"minecraft:gravel":13,"minecraft:crying_obsidian":1,"quark:oak_chest":2,"mekanism:raw_osmium":70,"minecraft:spider_eye":3,"mekanism:advanced_universal_cable":8,"dynamictrees:cherry_seed":3,"mekanism:fluorite_gem":30,"quark:hollow_birch_log":1,"minecraft:coal":264,"minecraft:ender_pearl":1,"minecraft:sunflower":4},"minecraft:used":{"minecraft:peony":3,"minecraft:moss_carpet":2,"minecraft:iron_shovel":292,"minecraft:chest":3,"minecraft:shield":87,"minecraft:rotten_flesh":5,"mekanism:basic_universal_cable":10,"minecraft:snowball":305,"minecraft:obsidian":7,"mekanism:basic_energy_cube":4,"minecraft:lava_bucket":10,"minecraft:golden_sword":34,"minecraft:bow":3,"minecraft:hay_block":2,"minecraft:furnace":2,"minecraft:oak_sapling":3,"minecraft:egg":12,"mekanism:advanced_universal_cable":14,"minecraft:stone_pickaxe":83,"minecraft:oak_planks":3,"mekanism:personal_chest":15,"minecraft:wooden_pickaxe":26,"minecraft:dripstone_block":8,"mekanism:crusher":2,"minecraft:acacia_door":1,"minecraft:crying_obsidian":1,"minecraft:bread":131,"mekanism:metallurgic_infuser":3,"mekanism:upgrade_speed":6,"minecraft:lectern":7,"minecraft:gravel":4,"quark:glow_lichen_growth":1,"mekanismgenerators:solar_generator":5,"minecraft:andesite":8,"mekanismtools:osmium_chestplate":2,"mekanism:jetpack":2,"mekanism:enrichment_chamber":2,"minecraft:stone_sword":133,"minecraft:flint_and_steel":2,"minecraft:cooked_salmon":8,"minecraft:stone_hoe":9,"minecraft:cooked_chicken":8,"minecraft:netherrack":3,"minecraft:torch":21,"minecraft:brewing_stand":1,"minecraft:dirt":245,"mekanism:osmium_compressor":1,"minecraft:wooden_axe":12,"mekanismgenerators:heat_generator":2,"mekanism:electrolytic_separator":2,"minecraft:cooked_beef":6,"minecraft:cobbled_deepslate":6,"minecraft:pointed_dripstone":1,"minecraft:wheat_seeds":3,"minecraft:water_bucket":187,"mekanism:electric_pump":2,"quark:hollow_birch_log":1,"minecraft:crafting_table":7,"minecraft:red_bed":2,"mekanismtools:osmium_pickaxe":353,"dynamictrees:cherry_seed":2,"mekanism:atomic_disassembler":1765,"minecraft:sunflower":1,"minecraft:iron_pickaxe":360,"mekanismtools:steel_pickaxe":12,"mekanism:energized_smelter":2,"minecraft:stone_axe":110,"minecraft:pink_petals":10,"minecraft:cobblestone":29,"minecraft:cooked_porkchop":13,"minecraft:bucket":200,"quark:oak_chest":7,"mekanismtools:osmium_leggings":1,"minecraft:dandelion":1},"minecraft:killed_by":{"mekanismadditions:baby_skeleton":1,"minecraft:zombie":2,"minecraft:player":1}},"DataVersion":3465}