{"stats":{"minecraft:broken":{"minecraft:stone_pickaxe":1,"minecraft:stone_axe":1,"minecraft:golden_pickaxe":1},"minecraft:used":{"minecraft:oak_fence":3,"minecraft:stone_sword":106,"minecraft:carved_pumpkin":2,"minecraft:ladder":1,"minecraft:chest":1,"minecraft:shield":25,"quark:feeding_trough":1,"minecraft:cooked_chicken":4,"minecraft:stone_hoe":17,"minecraft:rotten_flesh":3,"minecraft:netherrack":20,"minecraft:dirt":35,"minecraft:white_carpet":3,"minecraft:twisting_vines":2,"alexsmobs:cooked_kangaroo_meat":1,"minecraft:lava_bucket":8,"alexsmobs:kangaroo_burger":1,"minecraft:melon_seeds":6,"minecraft:furnace":5,"minecraft:acacia_fence":44,"minecraft:egg":1,"minecraft:pumpkin":1,"minecraft:wheat_seeds":162,"minecraft:cooked_mutton":3,"minecraft:water_bucket":24,"minecraft:diorite":2,"minecraft:stone_pickaxe":137,"minecraft:ender_pearl":1,"minecraft:wooden_pickaxe":8,"minecraft:sandstone":9,"minecraft:composter":1,"minecraft:sand":23,"minecraft:crafting_table":5,"minecraft:white_bed":5,"minecraft:campfire":1,"minecraft:shears":1,"alexsmobs:flying_fish":1,"minecraft:apple":2,"minecraft:melon_slice":94,"minecraft:bread":3,"minecraft:iron_pickaxe":2,"minecraft:golden_helmet":1,"minecraft:stone_axe":167,"minecraft:cobblestone":12,"minecraft:cooked_porkchop":1,"minecraft:cooked_rabbit":2,"minecraft:andesite":1,"minecraft:bucket":33,"quark:oak_chest":1,"minecraft:oak_boat":11,"minecraft:golden_pickaxe":32,"minecraft:bone_meal":19},"minecraft:killed_by":{"minecraft:zombie_villager":1,"minecraft:skeleton":1,"minecraft:zombie":1,"alexsmobs:grizzly_bear":2},"minecraft:custom":{"minecraft:mob_kills":51,"minecraft:animals_bred":4,"minecraft:interact_with_crafting_table":31,"minecraft:interact_with_campfire":3,"minecraft:leave_game":10,"minecraft:time_since_death":38038,"minecraft:climb_one_cm":3828,"minecraft:sprint_one_cm":767333,"minecraft:walk_one_cm":266937,"minecraft:damage_blocked_by_shield":1050,"minecraft:drop":35,"minecraft:talked_to_villager":2,"minecraft:play_time":252316,"minecraft:sneak_time":11485,"minecraft:deaths":7,"minecraft:walk_under_water_one_cm":3701,"minecraft:boat_one_cm":450260,"minecraft:jump":3038,"minecraft:walk_on_water_one_cm":20288,"minecraft:total_world_time":252316,"minecraft:interact_with_furnace":42,"minecraft:sleep_in_bed":19,"minecraft:time_since_rest":10421,"minecraft:damage_taken":3586,"minecraft:damage_dealt":8709,"minecraft:swim_one_cm":16728,"minecraft:fly_one_cm":847103,"minecraft:open_chest":31,"minecraft:crouch_one_cm":30140,"minecraft:fall_one_cm":83171},"minecraft:crafted":{"minecraft:oak_planks":48,"minecraft:cooked_chicken":4,"minecraft:furnace":1,"minecraft:bone_meal":15,"minecraft:cooked_mutton":3,"minecraft:melon_seeds":6,"minecraft:ladder":4,"minecraft:stone_pickaxe":2,"minecraft:chest":1,"minecraft:acacia_fence":36,"alexsmobs:kangaroo_burger":2,"minecraft:stone_hoe":1,"quark:feeding_trough":1,"minecraft:crafting_table":1,"minecraft:acacia_slab":12,"minecraft:wooden_pickaxe":1,"alexsmobs:cooked_kangaroo_meat":8,"minecraft:bucket":1,"minecraft:campfire":1,"minecraft:stone_axe":2,"minecraft:air":0,"minecraft:bread":7,"minecraft:jungle_planks":16,"minecraft:oak_boat":1,"minecraft:charcoal":6,"minecraft:shield":1,"minecraft:stick":48,"quark:oak_chest":1,"minecraft:iron_ingot":6,"minecraft:iron_pickaxe":1,"minecraft:stone_sword":1,"minecraft:composter":1,"minecraft:acacia_planks":76},"minecraft:picked_up":{"minecraft:crafting_table":4,"minecraft:wheat":79,"minecraft:chicken":4,"minecraft:ladder":1,"minecraft:stone_slab":1,"minecraft:cooked_rabbit":2,"alexsmobs:gazelle_horn":1,"minecraft:string":1,"minecraft:raw_copper":5,"minecraft:white_carpet":3,"minecraft:cracked_stone_bricks":1,"minecraft:beef":9,"minecraft:oak_boat":12,"minecraft:jungle_sapling":2,"minecraft:melon_slice":137,"minecraft:birch_sapling":6,"minecraft:furnace":4,"minecraft:egg":3,"minecraft:stick":24,"minecraft:raw_iron":6,"minecraft:sandstone":14,"minecraft:acacia_fence":10,"minecraft:oak_fence":15,"minecraft:acacia_log":22,"minecraft:porkchop":1,"minecraft:diorite":2,"minecraft:rabbit_foot":3,"minecraft:arrow":2,"minecraft:rotten_flesh":15,"minecraft:shears":1,"minecraft:hay_block":11,"minecraft:carved_pumpkin":2,"minecraft:mutton":3,"alexsmobs:flying_fish":1,"alexsmobs:kangaroo_meat":8,"minecraft:white_wool":2,"minecraft:cobblestone":44,"minecraft:magma_block":3,"minecraft:feather":6,"minecraft:andesite":1,"minecraft:water_bucket":1,"minecraft:jungle_log":4,"minecraft:leather":4,"alexsmobs:bear_fur":1,"minecraft:flint":1,"minecraft:oak_log":21,"minecraft:gunpowder":2,"minecraft:dirt":45,"minecraft:twisting_vines":5,"minecraft:bone":5,"minecraft:apple":2,"minecraft:stone_bricks":2,"minecraft:wheat_seeds":219,"minecraft:rabbit_hide":1,"minecraft:stone_pickaxe":1,"minecraft:iron_ingot":1,"minecraft:rabbit":2,"minecraft:acacia_sapling":8,"minecraft:mossy_stone_brick_stairs":2,"minecraft:pumpkin":9,"minecraft:cooked_porkchop":1,"minecraft:stone_brick_slab":3,"minecraft:sand":23,"minecraft:ink_sac":7,"minecraft:white_bed":5,"minecraft:mossy_stone_brick_slab":1,"quark:oak_chest":1,"mekanism:raw_osmium":12,"alexsmobs:kangaroo_hide":8,"minecraft:pumpkin_seeds":5,"minecraft:bone_meal":4,"minecraft:warped_nylium":1,"minecraft:oak_sapling":15,"minecraft:netherrack":84,"minecraft:black_wool":1,"minecraft:coal":26,"minecraft:ender_pearl":1},"minecraft:mined":{"minecraft:white_bed":4,"minecraft:mossy_stone_brick_slab":1,"minecraft:carved_pumpkin":2,"minecraft:ladder":1,"minecraft:acacia_log":22,"minecraft:grass_block":21,"minecraft:jungle_log":4,"minecraft:sandstone":3,"minecraft:hay_block":11,"minecraft:magma_block":3,"minecraft:furnace":4,"minecraft:iron_ore":7,"minecraft:fire":14,"minecraft:pumpkin":9,"minecraft:twisting_vines":3,"minecraft:mossy_stone_brick_stairs":2,"minecraft:flowering_azalea_leaves":1,"minecraft:stone":34,"mekanism:osmium_ore":10,"quark:oak_chest":1,"minecraft:twisting_vines_plant":2,"minecraft:stone_brick_slab":3,"minecraft:oak_fence":14,"minecraft:crafting_table":6,"minecraft:melon":30,"minecraft:stone_slab":1,"minecraft:tall_grass":23,"minecraft:copper_ore":1,"minecraft:cobblestone":1,"minecraft:wheat":5,"minecraft:white_carpet":3,"minecraft:grass":468,"minecraft:oak_log":20,"minecraft:coal_ore":14,"minecraft:acacia_fence":10,"minecraft:sand":1,"minecraft:dirt":15,"minecraft:cracked_stone_bricks":1,"minecraft:stone_bricks":2,"minecraft:netherrack":86,"minecraft:mossy_stone_bricks":1,"minecraft:oak_leaves":8,"minecraft:fern":4},"minecraft:killed":{"minecraft:spider":1,"alexsmobs:tasmanian_devil":1,"alexsmobs:rattlesnake":1,"mekanismadditions:baby_skeleton":1,"minecraft:skeleton":2,"minecraft:chicken":4,"alexsmobs:kangaroo":5,"minecraft:husk":3,"minecraft:pig":1,"mekanismadditions:baby_enderman":1,"alexsmobs:grizzly_bear":1,"minecraft:wandering_trader":1,"minecraft:creeper":1,"minecraft:sheep":3,"minecraft:trader_llama":2,"minecraft:zombie":14,"alexsmobs:gazelle":1,"alexsmobs:crow":1,"minecraft:cow":5},"minecraft:dropped":{"minecraft:water_bucket":1,"minecraft:oak_fence":1,"minecraft:cracked_stone_bricks":1,"minecraft:acacia_log":3,"minecraft:dirt":9,"alexsmobs:kangaroo_burger":1,"minecraft:melon_slice":18,"minecraft:white_wool":1,"minecraft:rotten_flesh":1,"minecraft:shears":1,"minecraft:pumpkin_seeds":2,"minecraft:gunpowder":1,"minecraft:oak_boat":1,"minecraft:stone_pickaxe":1,"minecraft:black_wool":1}},"DataVersion":3465}