{"stats":{"minecraft:killed":{"minecraft:spider":9,"quark:forgotten":1,"minecraft:skeleton":27,"minecraft:chicken":4,"quark:crab":1,"minecraft:piglin_brute":2,"minecraft:magma_cube":10,"minecraft:piglin":5,"minecraft:pig":1,"minecraft:salmon":8,"minecraft:creeper":13,"minecraft:trader_llama":2,"minecraft:zombie":53,"minecraft:ghast":2,"minecraft:cow":1,"quark:toretoise":1,"mekanismadditions:baby_skeleton":7,"quark:foxhound":1,"minecraft:wandering_trader":1,"minecraft:enderman":1},"minecraft:mined":{"mekanism:advanced_universal_cable":8,"mekanism:energized_smelter":2,"mekanism:electrolytic_separator":1,"minecraft:cobblestone_stairs":2,"minecraft:brewing_stand":3,"minecraft:obsidian":29,"minecraft:granite":8,"minecraft:grass_block":1641,"minecraft:cracked_polished_blackstone_bricks":6,"quark:glow_lichen_growth":1,"minecraft:polished_blackstone_bricks":21,"minecraft:magma_block":1,"minecraft:glowstone":17,"minecraft:iron_ore":104,"minecraft:fire":12,"minecraft:pumpkin":43,"minecraft:moss_carpet":2,"minecraft:deepslate_lapis_ore":5,"minecraft:anvil":1,"minecraft:azure_bluet":1,"minecraft:sculk_shrieker":1,"minecraft:pointed_dripstone":3,"minecraft:dirt_path":2,"minecraft:quartz_slab":53,"minecraft:deepslate_redstone_ore":51,"mekanism:osmium_ore":89,"minecraft:red_bed":4,"minecraft:blackstone":5,"mekanism:enrichment_chamber":1,"minecraft:calcite":23,"minecraft:poppy":1,"minecraft:chest":5,"mekanism:tin_ore":5,"minecraft:nether_quartz_ore":322,"minecraft:cobblestone":80,"minecraft:oak_planks":1,"minecraft:sugar_cane":52,"minecraft:wall_torch":2,"minecraft:pink_petals":4,"minecraft:seagrass":1,"minecraft:cherry_fence":2,"mekanism:fluorite_ore":9,"minecraft:wheat":2,"dynamictrees:birch_leaves":1,"minecraft:grass":138,"mekanism:deepslate_tin_ore":1,"minecraft:oak_log":25,"mekanism:lead_ore":16,"minecraft:acacia_fence":1,"minecraft:sand":396,"minecraft:dirt":1001,"mekanism:basic_universal_cable":9,"minecraft:netherrack":91,"minecraft:oak_leaves":6,"minecraft:deepslate":273,"minecraft:nether_gold_ore":39,"minecraft:diamond_ore":1,"minecraft:crying_obsidian":1,"minecraft:tuff":9,"minecraft:deepslate_diamond_ore":3,"mekanismgenerators:solar_generator":4,"mekanism:deepslate_osmium_ore":6,"mekanismgenerators:heat_generator":1,"dynamictrees:cherry_sapling":2,"minecraft:sandstone":4,"minecraft:hay_block":62,"dynamictrees:oak_leaves":4,"minecraft:redstone_ore":7,"minecraft:furnace":4,"minecraft:andesite":13,"minecraft:peony":1,"minecraft:gold_block":20,"minecraft:bell":2,"minecraft:deepslate_iron_ore":15,"minecraft:stone":751,"mekanism:crusher":1,"quark:oak_chest":2,"minecraft:snow_block":2,"mekanism:basic_energy_cube":3,"minecraft:basalt":24,"minecraft:stone_brick_slab":1,"minecraft:dandelion":1,"minecraft:crafting_table":5,"mekanism:personal_chest":1,"minecraft:emerald_ore":2,"minecraft:lectern":87,"minecraft:copper_ore":4,"minecraft:tall_grass":16,"minecraft:deepslate_gold_ore":36,"minecraft:lapis_ore":8,"minecraft:polished_blackstone_brick_stairs":1,"mekanism:metallurgic_infuser":2,"minecraft:sculk":1,"minecraft:white_carpet":1,"minecraft:bee_nest":1,"minecraft:coal_ore":266,"quark:monster_box":1,"minecraft:dripstone_block":2,"minecraft:sunflower":1,"minecraft:gravel":16,"mekanism:deepslate_fluorite_ore":6,"minecraft:acacia_door":1,"mekanism:deepslate_uranium_ore":12,"mekanism:electric_pump":1,"minecraft:gold_ore":10},"minecraft:crafted":{"minecraft:oak_planks":136,"mekanismgenerators:solar_generator":1,"mekanismtools:refined_obsidian_pickaxe":1,"mekanism:ingot_osmium":26,"minecraft:cooked_chicken":1,"mekanism:electrolytic_separator":1,"mekanism:electrolytic_core":1,"mekanism:atomic_disassembler":1,"mekanismtools:osmium_chestplate":2,"mekanism:advanced_energy_cube":1,"mekanism:canteen":2,"mekanismgenerators:heat_generator":1,"quark:acacia_bookshelf":1,"minecraft:quartz_block":89,"minecraft:glass":24,"mekanismtools:osmium_boots":2,"minecraft:chest":4,"mekanism:basic_fluid_tank":1,"mekanism:ingot_steel":27,"minecraft:stone_hoe":1,"mekanism:energy_tablet":6,"mekanismtools:osmium_pickaxe":1,"mekanism:ingot_tin":4,"minecraft:emerald":24,"minecraft:cooked_porkchop":9,"minecraft:crafting_table":3,"minecraft:acacia_slab":6,"minecraft:wooden_pickaxe":1,"minecraft:copper_ingot":6,"mekanism:purification_chamber":1,"minecraft:birch_planks":8,"mekanismtools:osmium_leggings":2,"mekanism:ingot_lead":5,"minecraft:lectern":1,"minecraft:book":4,"minecraft:paper":42,"mekanism:steel_casing":8,"minecraft:shield":1,"minecraft:stick":24,"mekanism:crusher":1,"quark:oak_chest":10,"minecraft:iron_ingot":91,"minecraft:iron_pickaxe":3,"minecraft:iron_block":3,"minecraft:stone_sword":1,"minecraft:gold_ingot":22,"mekanism:osmium_compressor":1,"mekanismtools:steel_pickaxe":1,"mekanism:advanced_universal_cable":16,"minecraft:cherry_planks":8,"mekanism:nutritional_liquifier":1,"mekanism:basic_universal_cable":16,"mekanism:basic_chemical_tank":3,"minecraft:furnace":4,"mekanism:energized_smelter":1,"mekanism:basic_smelting_factory":1,"minecraft:glass_pane":16,"mekanism:jetpack":2,"minecraft:flint_and_steel":1,"minecraft:stone_pickaxe":2,"mekanism:electric_pump":1,"mekanism:personal_chest":2,"minecraft:quartz_slab":174,"minecraft:wheat":531,"minecraft:cooked_beef":4,"quark:feeding_trough":1,"mekanism:metallurgic_infuser":1,"minecraft:bowl":4,"minecraft:bucket":4,"minecraft:stone_axe":2,"minecraft:glowstone":1,"minecraft:enchanted_book":1,"minecraft:bread":155,"minecraft:air":0,"mekanism:upgrade_speed":2,"mekanism:basic_energy_cube":1,"mekanism:enrichment_chamber":2,"minecraft:wooden_axe":1,"minecraft:iron_shovel":2,"mekanism:advanced_control_circuit":4,"minecraft:anvil":1,"minecraft:acacia_planks":20,"minecraft:torch":28,"mekanismgenerators:solar_panel":3},"minecraft:dropped":{"mekanism:jetpack":2,"minecraft:cooked_beef":5,"mekanism:atomic_disassembler":1,"minecraft:leather":3,"minecraft:grass":1,"minecraft:sunflower":3,"minecraft:iron_pickaxe":6,"minecraft:gravel":7,"minecraft:glowstone_dust":4,"minecraft:gunpowder":1,"minecraft:quartz_block":1,"minecraft:quartz":62,"mekanismtools:osmium_leggings":1,"minecraft:cherry_fence":86,"minecraft:lectern":1,"minecraft:egg":1,"minecraft:water_bucket":1,"minecraft:bread":25,"minecraft:wheat_seeds":2,"mekanismtools:osmium_boots":1,"minecraft:cobblestone":23,"minecraft:lead":2,"minecraft:coal":14,"minecraft:cherry_fence_gate":6,"minecraft:torch":8,"minecraft:wooden_axe":1,"minecraft:paper":9,"minecraft:furnace":1,"mekanism:personal_chest":1,"mekanismtools:osmium_chestplate":1,"minecraft:sandstone":2,"minecraft:stone_pickaxe":1,"minecraft:nether_quartz_ore":64},"minecraft:broken":{"minecraft:iron_shovel":1,"minecraft:golden_sword":1,"minecraft:stone_axe":1,"quark:forgotten_hat":1,"minecraft:stone_sword":1,"minecraft:shield":1,"minecraft:iron_pickaxe":1},"minecraft:custom":{"minecraft:animals_bred":19,"minecraft:interact_with_crafting_table":301,"minecraft:leave_game":52,"minecraft:time_since_death":41853,"minecraft:sprint_one_cm":2734556,"minecraft:damage_blocked_by_shield":3205,"minecraft:drop":75,"minecraft:talked_to_villager":139,"minecraft:play_time":999308,"minecraft:deaths":18,"minecraft:jump":12477,"minecraft:interact_with_brewingstand":2,"minecraft:walk_on_water_one_cm":107575,"minecraft:interact_with_furnace":133,"minecraft:traded_with_villager":25,"minecraft:sleep_in_bed":43,"minecraft:damage_dealt":27890,"minecraft:crouch_one_cm":126036,"minecraft:horse_one_cm":3591,"minecraft:interact_with_anvil":1,"minecraft:mob_kills":156,"minecraft:climb_one_cm":24911,"minecraft:walk_one_cm":806532,"minecraft:sneak_time":52232,"minecraft:walk_under_water_one_cm":59234,"minecraft:total_world_time":999308,"minecraft:interact_with_grindstone":1,"minecraft:time_since_rest":5755,"minecraft:damage_taken":19612,"minecraft:swim_one_cm":189682,"minecraft:fly_one_cm":3712590,"minecraft:open_chest":395,"minecraft:fall_one_cm":477088},"minecraft:picked_up":{"minecraft:wheat":302,"mekanism:electrolytic_separator":1,"minecraft:anvil":1,"mekanism:raw_uranium":6,"minecraft:lead":6,"minecraft:brewing_stand":3,"minecraft:polished_blackstone_brick_stairs":1,"minecraft:string":5,"mekanismgenerators:heat_generator":1,"minecraft:raw_copper":16,"minecraft:cobbled_deepslate":206,"mekanism:basic_universal_cable":9,"minecraft:calcite":23,"dynamictrees:oak_seed":4,"minecraft:iron_pickaxe":5,"mekanism:deepslate_uranium_ore":6,"minecraft:deepslate_iron_ore":3,"minecraft:furnace":5,"minecraft:diamond_ore":1,"minecraft:stick":52,"minecraft:acacia_fence":1,"minecraft:torch":3,"minecraft:acacia_log":8,"minecraft:porkchop":2,"minecraft:cherry_log":1,"minecraft:pointed_dripstone":10,"mekanismgenerators:solar_generator":4,"mekanism:raw_tin":7,"minecraft:nether_gold_ore":39,"minecraft:rotten_flesh":54,"minecraft:glowstone":8,"mekanism:lead_ore":6,"minecraft:obsidian":29,"minecraft:snowball":152,"minecraft:cobblestone":820,"minecraft:birch_log":2,"minecraft:pink_petals":10,"minecraft:feather":5,"minecraft:cooked_beef":40,"minecraft:magma_cream":2,"minecraft:andesite":13,"minecraft:potato":6,"minecraft:flint":2,"minecraft:tuff":9,"minecraft:cherry_fence":130,"minecraft:lapis_lazuli":51,"minecraft:dirt":2737,"minecraft:bone":39,"minecraft:bow":3,"minecraft:wheat_seeds":580,"minecraft:raw_gold":27,"minecraft:bell":2,"minecraft:glowstone_dust":17,"mekanism:osmium_ore":23,"minecraft:oak_planks":1,"mekanism:metallurgic_infuser":2,"minecraft:cooked_porkchop":2,"minecraft:sand":396,"dynamictrees:acacia_seed":6,"minecraft:ink_sac":2,"minecraft:grass_block":2,"minecraft:diamond":2,"minecraft:deepslate":4,"minecraft:deepslate_gold_ore":18,"minecraft:cracked_polished_blackstone_bricks":5,"minecraft:granite":8,"minecraft:grass":1,"minecraft:bone_meal":2,"minecraft:bread":4,"minecraft:oak_sapling":7,"minecraft:netherrack":75,"minecraft:crafting_table":5,"mekanism:deepslate_osmium_ore":2,"minecraft:azure_bluet":9,"minecraft:chicken":4,"minecraft:gold_block":17,"mekanism:deepslate_fluorite_ore":6,"minecraft:red_bed":4,"minecraft:moss_carpet":4,"minecraft:acacia_door":1,"minecraft:quartz_slab":63,"minecraft:white_carpet":1,"mekanism:energized_smelter":2,"minecraft:blackstone":3,"minecraft:deepslate_diamond_ore":2,"minecraft:beef":5,"minecraft:poppy":2,"minecraft:lectern":87,"minecraft:chest":5,"minecraft:sugar_cane":83,"minecraft:egg":268,"minecraft:raw_iron":92,"minecraft:sandstone":2,"minecraft:stone":5,"mekanism:jetpack":1,"minecraft:polished_blackstone_bricks":15,"mekanism:basic_energy_cube":4,"minecraft:carrot":4,"minecraft:redstone":165,"minecraft:cherry_fence_gate":6,"mekanism:crusher":1,"minecraft:arrow":39,"minecraft:peony":3,"minecraft:hay_block":61,"quark:music_disc_wind":1,"mekanism:personal_chest":1,"minecraft:rail":1,"minecraft:emerald_ore":2,"minecraft:lapis_ore":5,"quark:crab_leg":1,"mekanism:electric_pump":1,"minecraft:basalt":21,"mekanism:raw_lead":10,"minecraft:salmon":8,"minecraft:leather":9,"minecraft:oak_log":36,"minecraft:gunpowder":13,"minecraft:cobblestone_stairs":2,"quark:forgotten_hat":1,"mekanism:enrichment_chamber":1,"mekanism:dust_steel":1,"minecraft:iron_ingot":3,"minecraft:cooked_chicken":4,"minecraft:iron_ore":24,"minecraft:nether_quartz_ore":317,"minecraft:pumpkin":43,"minecraft:stone_brick_slab":1,"minecraft:quartz":2,"minecraft:dandelion":3,"minecraft:dripstone_block":7,"minecraft:gravel":26,"mekanism:atomic_disassembler":1,"minecraft:crying_obsidian":1,"quark:oak_chest":2,"mekanism:raw_osmium":70,"minecraft:spider_eye":4,"minecraft:coal_ore":5,"mekanism:advanced_universal_cable":8,"dynamictrees:cherry_seed":3,"minecraft:redstone_ore":1,"mekanism:fluorite_gem":30,"minecraft:deepslate_redstone_ore":19,"quark:hollow_birch_log":1,"minecraft:coal":267,"minecraft:sunflower":4,"minecraft:ender_pearl":2},"minecraft:used":{"minecraft:peony":3,"minecraft:moss_carpet":4,"minecraft:iron_shovel":292,"minecraft:chest":5,"minecraft:shield":87,"quark:feeding_trough":1,"minecraft:bell":2,"mekanismtools:refined_obsidian_pickaxe":606,"minecraft:rotten_flesh":7,"mekanism:nutritional_liquifier":1,"mekanism:basic_universal_cable":10,"minecraft:snowball":305,"minecraft:obsidian":7,"mekanism:basic_energy_cube":4,"minecraft:lava_bucket":11,"minecraft:quartz_slab":237,"minecraft:golden_sword":34,"minecraft:bow":3,"minecraft:hay_block":2,"minecraft:oak_sapling":3,"minecraft:furnace":2,"minecraft:egg":266,"mekanism:advanced_universal_cable":14,"minecraft:oak_planks":4,"minecraft:stone_pickaxe":83,"mekanism:personal_chest":23,"minecraft:wooden_pickaxe":26,"minecraft:sugar_cane":46,"minecraft:dripstone_block":8,"mekanism:advanced_energy_cube":1,"ad_astra:oil_bucket":1,"mekanism:crusher":2,"minecraft:crying_obsidian":1,"minecraft:acacia_door":1,"mekanism:upgrade_speed":6,"minecraft:bread":142,"mekanism:metallurgic_infuser":3,"minecraft:lectern":87,"minecraft:gravel":4,"mekanismgenerators:solar_generator":5,"quark:glow_lichen_growth":1,"minecraft:andesite":8,"mekanism:basic_smelting_factory":1,"mekanism:jetpack":13,"mekanismtools:osmium_chestplate":12,"mekanism:enrichment_chamber":2,"minecraft:stone_sword":133,"minecraft:flint_and_steel":2,"minecraft:cooked_salmon":8,"minecraft:cooked_chicken":9,"minecraft:stone_hoe":9,"minecraft:netherrack":24,"minecraft:torch":21,"minecraft:brewing_stand":2,"minecraft:dirt":453,"minecraft:anvil":2,"minecraft:white_carpet":1,"mekanism:osmium_compressor":1,"minecraft:wooden_axe":12,"mekanismgenerators:heat_generator":2,"mekanism:purification_chamber":1,"minecraft:basalt":1,"minecraft:glowstone":1,"mekanism:electrolytic_separator":2,"minecraft:cooked_beef":38,"minecraft:cobbled_deepslate":6,"minecraft:cherry_fence":44,"minecraft:pumpkin":1,"minecraft:pointed_dripstone":1,"minecraft:wheat_seeds":6,"minecraft:water_bucket":252,"minecraft:cobblestone_stairs":2,"mekanism:electric_pump":2,"quark:hollow_birch_log":1,"minecraft:crafting_table":8,"minecraft:red_bed":2,"mekanismtools:osmium_pickaxe":353,"dynamictrees:cherry_seed":2,"mekanism:atomic_disassembler":4004,"minecraft:sunflower":1,"minecraft:iron_pickaxe":360,"mekanismtools:steel_pickaxe":12,"mekanism:energized_smelter":2,"minecraft:stone_axe":111,"minecraft:pink_petals":10,"minecraft:cobblestone":73,"minecraft:cooked_porkchop":13,"minecraft:bucket":268,"quark:oak_chest":9,"mekanismtools:osmium_leggings":1,"minecraft:dandelion":2},"minecraft:killed_by":{"minecraft:creeper":1,"mekanismadditions:baby_skeleton":1,"minecraft:zombie":4,"minecraft:player":1}},"DataVersion":3465}