{"stats":{"minecraft:killed_by":{"minecraft:creeper":1,"mekanismadditions:baby_skeleton":1,"minecraft:zombie":4,"minecraft:player":1,"minecraft:skeleton":1},"minecraft:crafted":{"minecraft:oak_planks":168,"minecraft:barrel":2,"quark:birch_chest":2,"mekanismgenerators:solar_generator":1,"mekanism:digital_miner":1,"mekanismtools:refined_obsidian_pickaxe":1,"mekanism:ingot_osmium":26,"minecraft:cooked_chicken":1,"mekanism:electrolytic_separator":1,"mekanism:electrolytic_core":2,"mekanismgenerators:gas_burning_generator":1,"minecraft:birch_slab":6,"mekanism:atomic_disassembler":1,"mekanismtools:osmium_chestplate":2,"mekanism:advanced_energy_cube":1,"mekanism:canteen":2,"mekanism:logistical_sorter":2,"mekanismgenerators:heat_generator":1,"quark:acacia_bookshelf":1,"minecraft:quartz_block":140,"minecraft:glass":24,"mekanismtools:osmium_boots":2,"minecraft:chest":4,"mekanism:basic_fluid_tank":1,"mekanism:ingot_steel":27,"minecraft:stone_hoe":1,"mekanism:energy_tablet":8,"mekanismtools:osmium_pickaxe":1,"mekanism:ingot_tin":4,"minecraft:emerald":43,"minecraft:cooked_porkchop":9,"minecraft:crafting_table":4,"minecraft:acacia_slab":6,"minecraft:wooden_pickaxe":1,"minecraft:copper_ingot":6,"mekanism:purification_chamber":1,"minecraft:pumpkin_seeds":108,"minecraft:birch_planks":48,"mekanismtools:osmium_leggings":2,"mekanism:ingot_lead":5,"mekanism:teleportation_core":2,"minecraft:lectern":1,"minecraft:book":6,"minecraft:paper":390,"mekanism:steel_casing":12,"minecraft:shield":1,"minecraft:stick":24,"mekanism:crusher":1,"quark:oak_chest":12,"minecraft:iron_ingot":145,"minecraft:iron_pickaxe":4,"minecraft:iron_block":3,"minecraft:stone_sword":1,"minecraft:gold_ingot":22,"mekanism:osmium_compressor":1,"mekanismtools:steel_pickaxe":1,"mekanism:advanced_universal_cable":16,"minecraft:cherry_planks":8,"mekanism:nutritional_liquifier":1,"mekanism:basic_universal_cable":16,"mekanism:pressurized_reaction_chamber":1,"mekanism:basic_chemical_tank":5,"minecraft:furnace":4,"mekanism:energized_smelter":1,"minecraft:piston":2,"mekanism:basic_smelting_factory":1,"minecraft:bone_meal":144,"mekanism:robit":1,"minecraft:glass_pane":16,"mekanism:jetpack":2,"minecraft:flint_and_steel":1,"minecraft:iron_hoe":1,"minecraft:stone_pickaxe":2,"mekanism:electric_pump":1,"mekanism:personal_chest":3,"minecraft:quartz_slab":276,"minecraft:wheat":531,"minecraft:cooked_beef":4,"quark:feeding_trough":2,"mekanism:metallurgic_infuser":1,"mekanism:dynamic_tank":4,"minecraft:bowl":4,"minecraft:bucket":5,"minecraft:stone_axe":2,"minecraft:glowstone":1,"minecraft:enchanted_book":2,"minecraft:bread":155,"minecraft:air":0,"mekanism:upgrade_speed":2,"mekanism:basic_energy_cube":1,"mekanism:enrichment_chamber":3,"minecraft:wooden_axe":1,"minecraft:iron_shovel":2,"mekanism:advanced_control_circuit":4,"minecraft:anvil":1,"minecraft:acacia_planks":20,"minecraft:torch":28,"mekanismgenerators:solar_panel":3},"minecraft:used":{"minecraft:peony":3,"minecraft:moss_carpet":7,"minecraft:iron_shovel":292,"minecraft:ladder":10,"minecraft:chest":5,"minecraft:shield":87,"minecraft:stone":19,"quark:feeding_trough":2,"minecraft:bell":2,"mekanismtools:refined_obsidian_pickaxe":717,"minecraft:rotten_flesh":7,"mekanism:digital_miner":1,"mekanism:nutritional_liquifier":1,"minecraft:carrot":4,"mekanism:basic_universal_cable":10,"minecraft:snowball":305,"minecraft:obsidian":7,"mekanism:basic_energy_cube":4,"minecraft:lava_bucket":11,"minecraft:quartz_slab":350,"minecraft:deepslate_diamond_ore":2,"minecraft:golden_sword":34,"minecraft:bow":3,"minecraft:hay_block":2,"minecraft:oak_sapling":3,"minecraft:furnace":2,"minecraft:egg":419,"mekanism:advanced_universal_cable":17,"minecraft:oak_planks":4,"minecraft:stone_pickaxe":83,"mekanism:personal_chest":28,"minecraft:wooden_pickaxe":26,"minecraft:sugar_cane":194,"minecraft:dripstone_block":8,"minecraft:pumpkin_seeds":113,"mekanism:advanced_energy_cube":1,"ad_astra:oil_bucket":1,"mekanism:crusher":3,"minecraft:crying_obsidian":1,"minecraft:acacia_door":1,"mekanism:upgrade_speed":7,"minecraft:bread":145,"mekanism:metallurgic_infuser":3,"minecraft:lectern":119,"minecraft:diamond_ore":1,"minecraft:gravel":4,"mekanismgenerators:solar_generator":5,"quark:glow_lichen_growth":1,"minecraft:andesite":8,"mekanism:basic_smelting_factory":2,"minecraft:bone_meal":144,"mekanism:jetpack":13,"mekanismtools:osmium_chestplate":12,"mekanism:enrichment_chamber":3,"minecraft:stone_sword":133,"minecraft:flint_and_steel":2,"minecraft:cooked_salmon":8,"minecraft:cooked_chicken":36,"minecraft:stone_hoe":9,"minecraft:netherrack":24,"minecraft:torch":26,"minecraft:brewing_stand":2,"minecraft:dirt":739,"minecraft:anvil":3,"minecraft:white_carpet":1,"mekanism:osmium_compressor":1,"minecraft:iron_hoe":105,"minecraft:wooden_axe":12,"mekanismgenerators:heat_generator":3,"mekanism:purification_chamber":2,"minecraft:barrel":4,"minecraft:basalt":1,"minecraft:glowstone":1,"mekanism:pressurized_reaction_chamber":1,"mekanism:electrolytic_separator":2,"minecraft:cooked_beef":41,"minecraft:cobbled_deepslate":6,"minecraft:cherry_fence":55,"minecraft:pumpkin":1,"minecraft:pointed_dripstone":1,"minecraft:wheat_seeds":6,"minecraft:water_bucket":342,"minecraft:cobblestone_stairs":3,"mekanism:electric_pump":2,"quark:hollow_birch_log":1,"minecraft:crafting_table":9,"minecraft:red_bed":2,"mekanismtools:osmium_pickaxe":353,"dynamictrees:cherry_seed":2,"mekanism:atomic_disassembler":6055,"minecraft:sunflower":1,"minecraft:iron_pickaxe":363,"mekanismtools:steel_pickaxe":12,"mekanism:energized_smelter":2,"minecraft:stone_axe":154,"minecraft:pink_petals":10,"minecraft:cobblestone":104,"minecraft:cooked_porkchop":13,"minecraft:bucket":358,"quark:oak_chest":11,"mekanismtools:osmium_leggings":1,"minecraft:dandelion":2},"minecraft:killed":{"minecraft:spider":11,"quark:forgotten":1,"minecraft:skeleton":28,"minecraft:chicken":26,"quark:crab":1,"minecraft:piglin_brute":2,"minecraft:magma_cube":10,"minecraft:piglin":5,"minecraft:pig":1,"minecraft:salmon":8,"minecraft:creeper":14,"minecraft:trader_llama":2,"minecraft:zombie":54,"minecraft:ghast":2,"minecraft:cow":3,"quark:toretoise":1,"mekanismadditions:baby_skeleton":7,"quark:foxhound":1,"minecraft:wandering_trader":1,"minecraft:enderman":1},"minecraft:picked_up":{"minecraft:wheat":332,"mekanism:electrolytic_separator":1,"minecraft:anvil":2,"mekanism:raw_uranium":6,"minecraft:lead":6,"minecraft:brewing_stand":3,"minecraft:polished_blackstone_brick_stairs":1,"minecraft:string":5,"mekanismgenerators:heat_generator":1,"minecraft:raw_copper":16,"minecraft:cobbled_deepslate":206,"mekanism:basic_universal_cable":9,"mekanism:purification_chamber":1,"minecraft:calcite":23,"dynamictrees:oak_seed":4,"minecraft:iron_pickaxe":5,"mekanism:deepslate_uranium_ore":6,"minecraft:deepslate_iron_ore":3,"minecraft:furnace":5,"minecraft:diamond_ore":1,"minecraft:stick":67,"minecraft:acacia_fence":1,"minecraft:torch":6,"minecraft:acacia_log":8,"minecraft:porkchop":2,"minecraft:cherry_log":1,"minecraft:pointed_dripstone":10,"mekanismgenerators:solar_generator":4,"mekanism:raw_tin":7,"minecraft:nether_gold_ore":39,"minecraft:rotten_flesh":54,"minecraft:glowstone":8,"mekanism:lead_ore":6,"minecraft:obsidian":29,"minecraft:snowball":152,"minecraft:cobblestone":1936,"minecraft:birch_log":12,"minecraft:pink_petals":10,"minecraft:feather":34,"minecraft:cooked_beef":43,"minecraft:magma_cream":2,"minecraft:water_bucket":1,"minecraft:andesite":13,"minecraft:potato":6,"minecraft:flint":2,"minecraft:tuff":9,"minecraft:cherry_fence":135,"minecraft:lapis_lazuli":51,"minecraft:dirt":3444,"minecraft:bone":39,"minecraft:bow":3,"minecraft:wheat_seeds":643,"minecraft:raw_gold":27,"minecraft:bell":2,"minecraft:glowstone_dust":17,"mekanism:osmium_ore":28,"minecraft:oak_planks":1,"mekanism:basic_smelting_factory":1,"mekanism:metallurgic_infuser":2,"minecraft:cooked_porkchop":2,"minecraft:sand":396,"dynamictrees:acacia_seed":6,"minecraft:ink_sac":2,"minecraft:grass_block":2,"minecraft:barrel":2,"mekanism:digital_miner":1,"minecraft:diamond":7,"minecraft:deepslate":4,"minecraft:deepslate_gold_ore":18,"minecraft:cracked_polished_blackstone_bricks":5,"minecraft:granite":8,"minecraft:grass":1,"minecraft:bone_meal":2,"minecraft:bread":4,"minecraft:oak_sapling":7,"minecraft:netherrack":75,"minecraft:crafting_table":5,"mekanism:deepslate_osmium_ore":2,"minecraft:azure_bluet":11,"minecraft:chicken":35,"minecraft:ladder":12,"minecraft:gold_block":17,"mekanism:deepslate_fluorite_ore":6,"minecraft:red_bed":4,"minecraft:moss_carpet":7,"minecraft:acacia_door":1,"minecraft:quartz_slab":74,"minecraft:white_carpet":1,"mekanism:energized_smelter":2,"minecraft:blackstone":3,"minecraft:deepslate_diamond_ore":2,"minecraft:beef":10,"minecraft:poppy":2,"minecraft:lectern":119,"minecraft:chest":5,"minecraft:sugar_cane":578,"minecraft:egg":417,"minecraft:raw_iron":92,"minecraft:sandstone":2,"minecraft:stone":24,"mekanism:jetpack":1,"minecraft:polished_blackstone_bricks":15,"mekanism:basic_energy_cube":4,"minecraft:carrot":8,"minecraft:redstone":165,"minecraft:cherry_fence_gate":6,"mekanism:crusher":2,"minecraft:arrow":39,"minecraft:peony":3,"minecraft:hay_block":61,"quark:music_disc_wind":1,"mekanism:personal_chest":2,"minecraft:rail":1,"minecraft:emerald_ore":2,"minecraft:lapis_ore":5,"quark:crab_leg":1,"mekanism:electric_pump":1,"minecraft:basalt":21,"mekanism:raw_lead":10,"minecraft:salmon":8,"minecraft:leather":11,"minecraft:oak_log":36,"minecraft:gunpowder":13,"minecraft:cobblestone_stairs":6,"quark:forgotten_hat":1,"mekanism:enrichment_chamber":2,"mekanism:dust_steel":1,"minecraft:iron_ingot":3,"dynamictrees:birch_seed":8,"minecraft:cooked_chicken":5,"minecraft:iron_ore":33,"minecraft:nether_quartz_ore":317,"minecraft:pumpkin":132,"minecraft:stone_brick_slab":1,"minecraft:quartz":2,"minecraft:dandelion":4,"minecraft:dripstone_block":7,"minecraft:gravel":26,"mekanism:atomic_disassembler":1,"minecraft:crying_obsidian":1,"quark:oak_chest":2,"mekanism:raw_osmium":70,"minecraft:spider_eye":5,"minecraft:pumpkin_seeds":12,"minecraft:coal_ore":83,"mekanism:advanced_universal_cable":8,"dynamictrees:cherry_seed":3,"minecraft:redstone_ore":1,"mekanism:fluorite_gem":30,"minecraft:deepslate_redstone_ore":19,"quark:hollow_birch_log":1,"minecraft:coal":267,"minecraft:sunflower":4,"minecraft:ender_pearl":2},"minecraft:dropped":{"mekanism:jetpack":2,"minecraft:cooked_beef":5,"mekanism:atomic_disassembler":1,"minecraft:leather":3,"minecraft:grass":1,"minecraft:sunflower":3,"minecraft:iron_pickaxe":6,"minecraft:gravel":7,"minecraft:glowstone_dust":4,"minecraft:gunpowder":1,"minecraft:quartz_block":1,"minecraft:quartz":62,"mekanismtools:osmium_leggings":1,"minecraft:cherry_fence":86,"minecraft:lectern":1,"minecraft:egg":1,"minecraft:water_bucket":2,"minecraft:bread":25,"minecraft:wheat_seeds":4,"mekanismtools:osmium_boots":1,"minecraft:cobblestone":23,"minecraft:lead":2,"minecraft:coal":14,"minecraft:cherry_fence_gate":6,"minecraft:torch":8,"minecraft:wooden_axe":1,"minecraft:paper":9,"minecraft:furnace":1,"mekanism:personal_chest":2,"mekanismtools:osmium_chestplate":1,"minecraft:sandstone":2,"minecraft:stone_pickaxe":1,"minecraft:nether_quartz_ore":64},"minecraft:broken":{"minecraft:iron_shovel":1,"minecraft:golden_sword":1,"minecraft:stone_axe":1,"quark:forgotten_hat":1,"minecraft:stone_sword":1,"minecraft:shield":1,"minecraft:iron_pickaxe":1},"minecraft:mined":{"mekanism:advanced_universal_cable":8,"mekanism:energized_smelter":2,"mekanism:electrolytic_separator":1,"minecraft:cobblestone_stairs":6,"minecraft:brewing_stand":3,"minecraft:obsidian":29,"minecraft:granite":8,"minecraft:grass_block":2025,"minecraft:cracked_polished_blackstone_bricks":6,"mekanism:purification_chamber":1,"quark:glow_lichen_growth":1,"minecraft:polished_blackstone_bricks":21,"minecraft:magma_block":1,"minecraft:glowstone":17,"minecraft:barrel":2,"minecraft:iron_ore":113,"minecraft:fire":13,"mekanism:digital_miner":1,"minecraft:pumpkin":90,"minecraft:moss_carpet":3,"minecraft:anvil":2,"minecraft:deepslate_lapis_ore":5,"minecraft:azure_bluet":3,"minecraft:sculk_shrieker":1,"minecraft:pointed_dripstone":3,"minecraft:dirt_path":2,"minecraft:quartz_slab":64,"minecraft:deepslate_redstone_ore":51,"mekanism:osmium_ore":94,"minecraft:red_bed":4,"minecraft:blackstone":5,"mekanism:enrichment_chamber":2,"minecraft:torch":2,"minecraft:calcite":23,"minecraft:poppy":1,"minecraft:chest":5,"mekanism:tin_ore":5,"minecraft:nether_quartz_ore":322,"minecraft:cobblestone":91,"minecraft:oak_planks":1,"minecraft:sugar_cane":512,"minecraft:wall_torch":2,"minecraft:pink_petals":4,"minecraft:seagrass":1,"minecraft:cherry_fence":2,"mekanism:fluorite_ore":9,"minecraft:wheat":2,"minecraft:pumpkin_stem":6,"dynamictrees:birch_leaves":1,"minecraft:grass":152,"mekanism:deepslate_tin_ore":1,"minecraft:oak_log":25,"mekanism:lead_ore":16,"minecraft:acacia_fence":1,"minecraft:sand":396,"minecraft:dirt":1351,"mekanism:basic_universal_cable":9,"minecraft:netherrack":91,"minecraft:oak_leaves":6,"minecraft:deepslate":273,"minecraft:attached_pumpkin_stem":3,"minecraft:nether_gold_ore":39,"minecraft:diamond_ore":2,"minecraft:crying_obsidian":1,"minecraft:tuff":9,"minecraft:deepslate_diamond_ore":5,"mekanismgenerators:solar_generator":4,"mekanism:deepslate_osmium_ore":6,"mekanismgenerators:heat_generator":2,"minecraft:ladder":12,"dynamictrees:cherry_sapling":2,"minecraft:sandstone":4,"minecraft:hay_block":62,"dynamictrees:oak_leaves":4,"minecraft:redstone_ore":7,"minecraft:furnace":4,"minecraft:andesite":13,"mekanism:basic_smelting_factory":1,"minecraft:peony":1,"minecraft:gold_block":20,"minecraft:bell":2,"minecraft:deepslate_iron_ore":15,"minecraft:stone":1970,"mekanism:crusher":2,"quark:oak_chest":2,"minecraft:snow_block":2,"mekanism:basic_energy_cube":3,"minecraft:basalt":24,"minecraft:stone_brick_slab":1,"minecraft:dandelion":1,"minecraft:crafting_table":5,"mekanism:personal_chest":1,"minecraft:emerald_ore":2,"minecraft:lectern":119,"minecraft:copper_ore":4,"minecraft:tall_grass":18,"minecraft:deepslate_gold_ore":36,"minecraft:lapis_ore":8,"minecraft:polished_blackstone_brick_stairs":1,"mekanism:metallurgic_infuser":2,"minecraft:sculk":1,"minecraft:white_carpet":1,"minecraft:bee_nest":2,"minecraft:coal_ore":344,"quark:monster_box":1,"minecraft:dripstone_block":2,"minecraft:sunflower":1,"minecraft:gravel":16,"mekanism:deepslate_fluorite_ore":6,"minecraft:acacia_door":1,"mekanism:deepslate_uranium_ore":12,"mekanism:electric_pump":1,"minecraft:gold_ore":10},"minecraft:custom":{"minecraft:animals_bred":26,"minecraft:open_barrel":28,"minecraft:interact_with_crafting_table":404,"minecraft:leave_game":54,"minecraft:time_since_death":180785,"minecraft:sprint_one_cm":3465509,"minecraft:damage_blocked_by_shield":3205,"minecraft:drop":78,"minecraft:talked_to_villager":201,"minecraft:play_time":1304794,"minecraft:deaths":20,"minecraft:jump":13431,"minecraft:interact_with_brewingstand":2,"minecraft:walk_on_water_one_cm":126099,"minecraft:interact_with_furnace":133,"minecraft:traded_with_villager":45,"minecraft:sleep_in_bed":61,"minecraft:damage_dealt":29876,"minecraft:crouch_one_cm":140756,"minecraft:horse_one_cm":3591,"minecraft:interact_with_anvil":2,"minecraft:mob_kills":186,"minecraft:climb_one_cm":40570,"minecraft:walk_one_cm":1122633,"minecraft:sneak_time":57508,"minecraft:walk_under_water_one_cm":62244,"minecraft:total_world_time":1304794,"minecraft:interact_with_grindstone":1,"minecraft:time_since_rest":77290,"minecraft:damage_taken":21802,"minecraft:swim_one_cm":189727,"minecraft:fly_one_cm":4185449,"minecraft:open_chest":508,"minecraft:fall_one_cm":574180}},"DataVersion":3465}