{"stats":{"minecraft:killed":{"minecraft:spider":1,"minecraft:skeleton":4,"minecraft:horse":1,"mekanismadditions:baby_skeleton":1,"minecraft:chicken":10,"minecraft:pig":14,"minecraft:rabbit":1,"minecraft:sheep":14,"minecraft:zombie":7,"minecraft:cow":25},"minecraft:mined":{"minecraft:tuff":5,"minecraft:deepslate_diamond_ore":2,"minecraft:sculk_vein":3,"mekanism:deepslate_osmium_ore":16,"minecraft:glow_lichen":1,"minecraft:granite":29,"minecraft:acacia_log":13,"minecraft:grass_block":612,"quark:glow_lichen_growth":1,"minecraft:hay_block":2,"dynamictrees:oak_leaves":4,"minecraft:redstone_ore":4,"minecraft:iron_ore":86,"minecraft:snow":1,"minecraft:andesite":8,"minecraft:pumpkin":8,"minecraft:deepslate_lapis_ore":26,"dynamictrees:spruce_leaves":1,"minecraft:pointed_dripstone":2,"minecraft:deepslate_iron_ore":10,"minecraft:stone":389,"minecraft:orange_bed":7,"minecraft:deepslate_redstone_ore":28,"mekanism:osmium_ore":24,"minecraft:red_bed":2,"minecraft:snow_block":79,"minecraft:powder_snow":2,"minecraft:crafting_table":8,"minecraft:torch":2,"minecraft:poppy":3,"mekanism:tin_ore":38,"minecraft:sculk_sensor":2,"minecraft:copper_ore":42,"minecraft:tall_grass":24,"minecraft:cobblestone":9,"minecraft:deepslate_gold_ore":8,"minecraft:lapis_ore":2,"minecraft:sugar_cane":7,"minecraft:sculk":6,"minecraft:diorite":4,"minecraft:wall_torch":40,"minecraft:pink_petals":2,"minecraft:seagrass":1,"minecraft:birch_log":30,"minecraft:ice":3,"minecraft:lilac":15,"minecraft:birch_leaves":1,"minecraft:yellow_bed":1,"quark:glow_shroom":1,"minecraft:yellow_stained_glass_pane":1,"minecraft:grass":144,"mekanism:deepslate_tin_ore":8,"minecraft:oak_log":16,"minecraft:coal_ore":323,"minecraft:gravel":15,"minecraft:dripstone_block":1,"mekanism:lead_ore":1,"mekanism:deepslate_fluorite_ore":4,"minecraft:sunflower":4,"minecraft:acacia_door":1,"minecraft:sand":9,"minecraft:dirt":305,"mekanism:deepslate_uranium_ore":18,"minecraft:netherrack":3,"minecraft:oak_leaves":35,"minecraft:deepslate":186},"minecraft:crafted":{"minecraft:stone_shovel":7,"minecraft:cooked_chicken":9,"minecraft:furnace":6,"minecraft:cooked_mutton":14,"minecraft:stone_pickaxe":1,"minecraft:cooked_rabbit":1,"minecraft:cooked_beef":7,"minecraft:cooked_porkchop":10,"minecraft:crafting_table":1,"minecraft:stone_axe":3,"minecraft:stick":36,"minecraft:iron_ingot":15,"minecraft:iron_pickaxe":4,"minecraft:wooden_axe":3,"minecraft:acacia_planks":12,"minecraft:torch":80},"minecraft:dropped":{"minecraft:bread":4,"mekanism:dust_steel":1,"minecraft:cooked_beef":1,"minecraft:cooked_porkchop":9,"minecraft:dirt":298,"minecraft:diorite":1,"minecraft:torch":1,"minecraft:wooden_axe":1,"minecraft:snowball":224,"minecraft:sunflower":3,"minecraft:iron_pickaxe":8,"minecraft:string":1,"minecraft:bone":1,"minecraft:gravel":3,"minecraft:furnace":3,"minecraft:stone_axe":1,"minecraft:sugar_cane":18,"minecraft:cooked_chicken":4,"minecraft:pointed_dripstone":2,"minecraft:stone_shovel":1,"minecraft:rotten_flesh":3,"minecraft:cooked_mutton":2,"minecraft:spider_eye":1,"minecraft:arrow":2},"minecraft:broken":{"minecraft:stone_pickaxe":1,"minecraft:stone_axe":2,"minecraft:iron_pickaxe":4,"minecraft:wooden_axe":4,"minecraft:stone_shovel":7},"minecraft:custom":{"minecraft:mob_kills":79,"minecraft:animals_bred":6,"minecraft:interact_with_crafting_table":38,"minecraft:leave_game":32,"minecraft:time_since_death":11337,"minecraft:climb_one_cm":3055,"minecraft:sprint_one_cm":950555,"minecraft:walk_one_cm":1161087,"minecraft:drop":380,"minecraft:play_time":522624,"minecraft:sneak_time":423,"minecraft:deaths":8,"minecraft:walk_under_water_one_cm":125925,"minecraft:jump":5490,"minecraft:walk_on_water_one_cm":228041,"minecraft:total_world_time":522624,"minecraft:interact_with_furnace":50,"minecraft:interact_with_cartography_table":1,"minecraft:sleep_in_bed":19,"minecraft:time_since_rest":11435,"minecraft:damage_taken":7312,"minecraft:damage_dealt":9032,"minecraft:player_kills":1,"minecraft:swim_one_cm":76384,"minecraft:fly_one_cm":500818,"minecraft:open_chest":44,"minecraft:crouch_one_cm":751,"minecraft:fall_one_cm":111582},"minecraft:picked_up":{"minecraft:wooden_axe":2,"minecraft:crafting_table":8,"minecraft:chicken":10,"mekanism:raw_uranium":18,"minecraft:string":2,"minecraft:red_bed":2,"minecraft:raw_copper":146,"minecraft:acacia_door":1,"minecraft:glass_pane":7,"minecraft:cobbled_deepslate":188,"minecraft:beef":46,"minecraft:poppy":3,"minecraft:iron_pickaxe":9,"minecraft:sugar_cane":23,"minecraft:furnace":3,"minecraft:egg":16,"minecraft:stick":50,"minecraft:raw_iron":96,"minecraft:acacia_fence":1,"mekanism:jetpack":1,"minecraft:torch":53,"minecraft:acacia_log":13,"minecraft:porkchop":30,"minecraft:cherry_log":45,"minecraft:pointed_dripstone":14,"minecraft:diorite":8,"minecraft:redstone":190,"mekanism:raw_tin":45,"minecraft:orange_bed":8,"minecraft:rotten_flesh":3,"minecraft:arrow":9,"minecraft:stone_shovel":1,"minecraft:hay_block":1,"minecraft:obsidian":5,"minecraft:mutton":23,"mekanism:personal_chest":1,"minecraft:snowball":229,"minecraft:white_wool":14,"minecraft:cobblestone":422,"minecraft:birch_log":29,"minecraft:pink_petals":4,"minecraft:feather":6,"minecraft:lilac":15,"mekanism:raw_lead":1,"minecraft:water_bucket":1,"minecraft:andesite":8,"minecraft:leather":22,"minecraft:flint":3,"minecraft:tuff":5,"minecraft:oak_log":16,"minecraft:yellow_bed":1,"minecraft:lapis_lazuli":183,"minecraft:dirt":921,"minecraft:cooked_mutton":2,"minecraft:bone":10,"minecraft:bow":1,"minecraft:wheat_seeds":256,"minecraft:raw_gold":8,"minecraft:rabbit_hide":1,"minecraft:stone_pickaxe":1,"quark:glow_shroom":1,"minecraft:tall_grass":3,"minecraft:rabbit":1,"minecraft:cooked_porkchop":7,"minecraft:pumpkin":8,"mekanismtools:osmium_chestplate":1,"minecraft:dripstone_block":7,"minecraft:gravel":13,"minecraft:sand":9,"dynamictrees:acacia_seed":1,"quark:glow_lichen_growth":2,"mekanism:raw_osmium":40,"minecraft:spider_eye":1,"mekanismtools:osmium_leggings":1,"mekanismtools:osmium_boots":1,"minecraft:diamond":1,"minecraft:stone_axe":1,"dynamictrees:cherry_seed":18,"minecraft:granite":28,"mekanism:fluorite_gem":13,"minecraft:gray_wool":3,"minecraft:bread":25,"minecraft:oak_sapling":1,"minecraft:netherrack":3,"minecraft:black_wool":1,"minecraft:coal":345,"minecraft:sunflower":4},"minecraft:used":{"minecraft:stone_shovel":999,"minecraft:cooked_chicken":5,"minecraft:orange_bed":7,"minecraft:torch":91,"minecraft:dirt":318,"minecraft:wooden_axe":162,"minecraft:furnace":6,"minecraft:cooked_beef":6,"minecraft:cooked_mutton":14,"minecraft:water_bucket":1,"minecraft:diorite":1,"minecraft:stone_pickaxe":154,"mekanism:personal_chest":4,"minecraft:crafting_table":9,"minecraft:red_bed":2,"dynamictrees:cherry_seed":1,"minecraft:apple":2,"minecraft:acacia_door":1,"minecraft:bread":58,"minecraft:iron_pickaxe":1202,"minecraft:gravel":2,"minecraft:stone_axe":162,"minecraft:cobblestone":230,"minecraft:cooked_rabbit":1,"minecraft:cooked_porkchop":8,"minecraft:bucket":1,"minecraft:yellow_bed":1},"minecraft:killed_by":{"minecraft:creeper":2,"minecraft:pillager":1,"mekanismadditions:baby_skeleton":2,"minecraft:zombie":2}},"DataVersion":3465}