{"stats":{"minecraft:killed":{"minecraft:spider":2,"minecraft:skeleton":4,"minecraft:horse":1,"mekanismadditions:baby_skeleton":1,"minecraft:chicken":10,"minecraft:pig":14,"minecraft:rabbit":1,"minecraft:bat":1,"minecraft:sheep":14,"minecraft:zombie":11,"minecraft:cow":25},"minecraft:used":{"minecraft:stone_sword":16,"minecraft:stone_shovel":1254,"minecraft:cooked_chicken":5,"minecraft:stone_hoe":34,"minecraft:orange_bed":7,"minecraft:torch":111,"minecraft:dirt":337,"minecraft:wooden_axe":162,"minecraft:quartz_slab":164,"minecraft:basalt":28,"minecraft:furnace":6,"minecraft:cooked_beef":7,"minecraft:cherry_fence":35,"minecraft:cooked_mutton":14,"minecraft:wheat_seeds":20,"minecraft:water_bucket":7,"minecraft:diorite":1,"minecraft:oak_planks":1,"minecraft:stone_pickaxe":788,"mekanism:personal_chest":6,"minecraft:blackstone":10,"minecraft:red_bed":2,"minecraft:crafting_table":13,"dynamictrees:cherry_seed":1,"minecraft:apple":2,"minecraft:acacia_door":1,"minecraft:bread":58,"minecraft:iron_pickaxe":1227,"minecraft:gravel":2,"minecraft:stone_axe":198,"minecraft:cobblestone":297,"minecraft:cooked_rabbit":1,"minecraft:cooked_porkchop":17,"minecraft:bucket":7,"minecraft:yellow_bed":1},"minecraft:mined":{"minecraft:tuff":5,"minecraft:farmland":3,"minecraft:deepslate_diamond_ore":2,"minecraft:sculk_vein":3,"mekanism:deepslate_osmium_ore":16,"minecraft:glow_lichen":1,"minecraft:granite":29,"minecraft:acacia_log":13,"minecraft:grass_block":780,"quark:glow_lichen_growth":1,"minecraft:hay_block":2,"dynamictrees:oak_leaves":4,"minecraft:redstone_ore":4,"minecraft:iron_ore":100,"minecraft:snow":1,"dynamictrees:cherry_leaves":3,"minecraft:andesite":10,"minecraft:pumpkin":8,"minecraft:deepslate_lapis_ore":26,"dynamictrees:spruce_leaves":1,"minecraft:pointed_dripstone":4,"minecraft:deepslate_iron_ore":10,"minecraft:quartz_slab":2,"minecraft:stone":738,"minecraft:orange_bed":7,"minecraft:deepslate_redstone_ore":28,"minecraft:brown_mushroom":1,"mekanism:osmium_ore":27,"minecraft:red_bed":2,"minecraft:blackstone":10,"minecraft:snow_block":79,"minecraft:basalt":42,"minecraft:powder_snow":2,"minecraft:crafting_table":12,"minecraft:torch":2,"minecraft:poppy":3,"mekanism:tin_ore":39,"minecraft:sculk_sensor":2,"minecraft:nether_quartz_ore":14,"minecraft:copper_ore":71,"minecraft:tall_grass":39,"quark:hollow_cherry_log":2,"minecraft:cobblestone":19,"minecraft:deepslate_gold_ore":8,"minecraft:lapis_ore":2,"minecraft:oak_planks":1,"minecraft:sugar_cane":7,"minecraft:sculk":6,"minecraft:diorite":4,"minecraft:wall_torch":42,"minecraft:pink_petals":3,"minecraft:seagrass":1,"minecraft:cherry_fence":7,"minecraft:birch_log":30,"minecraft:wheat":4,"minecraft:ice":3,"minecraft:lilac":15,"minecraft:birch_leaves":1,"minecraft:yellow_bed":1,"quark:glow_shroom":1,"minecraft:yellow_stained_glass_pane":1,"minecraft:grass":185,"mekanism:deepslate_tin_ore":8,"minecraft:oak_log":16,"minecraft:coal_ore":459,"minecraft:gravel":15,"minecraft:sand":9,"mekanism:lead_ore":9,"minecraft:acacia_door":1,"minecraft:dripstone_block":2,"minecraft:sunflower":4,"mekanism:deepslate_fluorite_ore":4,"minecraft:dirt":350,"minecraft:cobweb":2,"mekanism:deepslate_uranium_ore":18,"minecraft:netherrack":33,"minecraft:oak_leaves":35,"minecraft:deepslate":186},"minecraft:crafted":{"minecraft:cherry_planks":268,"minecraft:oak_planks":12,"minecraft:stone_shovel":9,"minecraft:cooked_chicken":9,"minecraft:furnace":6,"minecraft:acacia_fence_gate":1,"minecraft:cooked_mutton":23,"minecraft:quartz_block":80,"minecraft:stone_pickaxe":6,"minecraft:quartz_slab":153,"minecraft:acacia_fence":3,"minecraft:cherry_fence":192,"minecraft:cooked_rabbit":1,"minecraft:cherry_fence_gate":6,"minecraft:cooked_beef":36,"minecraft:cooked_porkchop":19,"minecraft:crafting_table":2,"minecraft:stone_axe":3,"minecraft:stick":52,"minecraft:iron_ingot":15,"minecraft:iron_pickaxe":4,"minecraft:wooden_axe":3,"minecraft:stone_sword":1,"minecraft:acacia_planks":12,"minecraft:torch":108},"minecraft:picked_up":{"minecraft:wooden_axe":2,"minecraft:crafting_table":12,"minecraft:wheat":4,"minecraft:chicken":10,"mekanism:raw_uranium":18,"minecraft:brown_mushroom":1,"minecraft:lead":2,"minecraft:string":6,"minecraft:red_bed":2,"minecraft:raw_copper":247,"minecraft:acacia_door":1,"minecraft:quartz_slab":9,"minecraft:blackstone":10,"minecraft:glass_pane":7,"minecraft:cobbled_deepslate":188,"minecraft:bucket":1,"minecraft:beef":46,"minecraft:poppy":3,"dynamictrees:oak_seed":1,"minecraft:iron_pickaxe":9,"minecraft:sugar_cane":23,"minecraft:furnace":3,"minecraft:egg":18,"minecraft:stick":171,"minecraft:raw_iron":112,"minecraft:acacia_fence":1,"mekanism:jetpack":2,"minecraft:oak_fence":2,"minecraft:torch":55,"minecraft:acacia_log":13,"minecraft:porkchop":30,"minecraft:cherry_log":140,"minecraft:pointed_dripstone":17,"minecraft:diorite":8,"minecraft:redstone":190,"mekanism:raw_tin":46,"minecraft:cherry_fence_gate":6,"minecraft:orange_bed":8,"minecraft:stone_shovel":1,"minecraft:arrow":9,"minecraft:rotten_flesh":4,"quark:hollow_cherry_log":2,"minecraft:hay_block":1,"minecraft:rail":1,"minecraft:obsidian":5,"minecraft:mutton":23,"mekanism:personal_chest":1,"minecraft:snowball":229,"minecraft:white_wool":14,"minecraft:cobblestone":781,"minecraft:birch_log":29,"minecraft:pink_petals":6,"minecraft:basalt":40,"minecraft:feather":6,"minecraft:lilac":15,"mekanism:raw_lead":9,"minecraft:water_bucket":1,"minecraft:andesite":10,"minecraft:leather":22,"minecraft:flint":3,"minecraft:tuff":5,"minecraft:oak_log":26,"minecraft:cherry_fence":28,"minecraft:yellow_bed":1,"minecraft:lapis_lazuli":183,"minecraft:dirt":1216,"minecraft:cooked_mutton":2,"minecraft:bone":10,"minecraft:bow":1,"minecraft:wheat_seeds":276,"minecraft:raw_gold":8,"minecraft:rabbit_hide":1,"quark:glow_shroom":1,"minecraft:stone_pickaxe":1,"minecraft:tall_grass":3,"minecraft:rabbit":1,"minecraft:oak_planks":2,"minecraft:cooked_porkchop":7,"minecraft:pumpkin":8,"mekanismtools:osmium_chestplate":1,"minecraft:quartz":14,"minecraft:dripstone_block":8,"minecraft:gravel":13,"minecraft:sand":9,"dynamictrees:acacia_seed":1,"quark:glow_lichen_growth":2,"mekanism:raw_osmium":43,"minecraft:spider_eye":1,"mekanismtools:osmium_leggings":1,"mekanismtools:osmium_boots":1,"minecraft:diamond":1,"minecraft:stone_axe":1,"minecraft:granite":28,"mekanism:fluorite_gem":13,"dynamictrees:cherry_seed":75,"minecraft:gray_wool":3,"minecraft:bread":25,"minecraft:oak_sapling":1,"minecraft:netherrack":30,"minecraft:black_wool":1,"minecraft:coal":481,"minecraft:sunflower":4},"minecraft:killed_by":{"minecraft:creeper":2,"minecraft:pillager":1,"mekanismadditions:baby_skeleton":3,"minecraft:zombie":2},"minecraft:broken":{"minecraft:stone_pickaxe":6,"minecraft:stone_axe":2,"minecraft:iron_pickaxe":4,"minecraft:wooden_axe":4,"minecraft:stone_shovel":8},"minecraft:custom":{"minecraft:mob_kills":85,"minecraft:animals_bred":11,"minecraft:interact_with_crafting_table":69,"minecraft:leave_game":37,"minecraft:time_since_death":46527,"minecraft:climb_one_cm":3263,"minecraft:sprint_one_cm":1273133,"minecraft:walk_one_cm":1571531,"minecraft:drop":486,"minecraft:play_time":680176,"minecraft:sneak_time":459,"minecraft:deaths":11,"minecraft:walk_under_water_one_cm":132166,"minecraft:jump":6359,"minecraft:walk_on_water_one_cm":247953,"minecraft:total_world_time":680176,"minecraft:interact_with_furnace":58,"minecraft:interact_with_cartography_table":1,"minecraft:sleep_in_bed":25,"minecraft:time_since_rest":46559,"minecraft:damage_taken":8803,"minecraft:damage_dealt":9864,"minecraft:player_kills":1,"minecraft:swim_one_cm":76436,"minecraft:fly_one_cm":622698,"minecraft:open_chest":65,"minecraft:crouch_one_cm":928,"minecraft:fall_one_cm":137057},"minecraft:dropped":{"minecraft:bread":4,"mekanism:dust_steel":1,"mekanism:jetpack":1,"minecraft:cooked_beef":29,"minecraft:cooked_porkchop":9,"minecraft:cherry_fence_gate":6,"minecraft:dirt":835,"minecraft:diorite":1,"minecraft:torch":1,"minecraft:wooden_axe":1,"minecraft:snowball":224,"minecraft:sunflower":3,"minecraft:iron_pickaxe":8,"minecraft:string":1,"minecraft:bucket":1,"minecraft:bone":1,"minecraft:gravel":3,"minecraft:furnace":3,"minecraft:stone_axe":1,"minecraft:sugar_cane":18,"minecraft:cooked_chicken":4,"minecraft:pointed_dripstone":2,"minecraft:stone_shovel":1,"minecraft:rotten_flesh":3,"minecraft:cooked_mutton":3,"minecraft:spider_eye":1,"minecraft:arrow":2,"minecraft:cherry_fence":63,"minecraft:quartz_slab":1}},"DataVersion":3465}