{"stats":{"minecraft:custom":{"minecraft:mob_kills":51,"minecraft:interact_with_crafting_table":38,"minecraft:leave_game":24,"minecraft:time_since_death":10574,"minecraft:climb_one_cm":3055,"minecraft:sprint_one_cm":815291,"minecraft:walk_one_cm":1046091,"minecraft:drop":203,"minecraft:play_time":475907,"minecraft:deaths":7,"minecraft:sneak_time":423,"minecraft:walk_under_water_one_cm":120649,"minecraft:jump":5179,"minecraft:walk_on_water_one_cm":195482,"minecraft:total_world_time":475907,"minecraft:interact_with_furnace":42,"minecraft:interact_with_cartography_table":1,"minecraft:sleep_in_bed":18,"minecraft:time_since_rest":10763,"minecraft:damage_taken":6611,"minecraft:damage_dealt":6242,"minecraft:player_kills":1,"minecraft:swim_one_cm":39595,"minecraft:fly_one_cm":454514,"minecraft:open_chest":42,"minecraft:crouch_one_cm":751,"minecraft:fall_one_cm":101042},"minecraft:broken":{"minecraft:stone_pickaxe":1,"minecraft:stone_axe":1,"minecraft:iron_pickaxe":4,"minecraft:wooden_axe":4,"minecraft:stone_shovel":7},"minecraft:killed_by":{"minecraft:creeper":1,"minecraft:pillager":1,"mekanismadditions:baby_skeleton":2,"minecraft:zombie":2},"minecraft:mined":{"minecraft:tuff":5,"minecraft:deepslate_diamond_ore":2,"minecraft:sculk_vein":3,"mekanism:deepslate_osmium_ore":16,"minecraft:glow_lichen":1,"minecraft:granite":29,"minecraft:acacia_log":13,"minecraft:grass_block":612,"quark:glow_lichen_growth":1,"dynamictrees:oak_leaves":4,"minecraft:hay_block":2,"minecraft:redstone_ore":4,"minecraft:iron_ore":85,"minecraft:snow":1,"minecraft:andesite":8,"minecraft:pumpkin":8,"minecraft:deepslate_lapis_ore":26,"dynamictrees:spruce_leaves":1,"minecraft:deepslate_iron_ore":10,"minecraft:stone":389,"minecraft:orange_bed":7,"minecraft:deepslate_redstone_ore":28,"mekanism:osmium_ore":24,"minecraft:red_bed":2,"minecraft:snow_block":79,"minecraft:powder_snow":2,"minecraft:crafting_table":8,"minecraft:torch":2,"minecraft:poppy":3,"mekanism:tin_ore":36,"minecraft:sculk_sensor":2,"minecraft:tall_grass":24,"minecraft:copper_ore":42,"minecraft:cobblestone":9,"minecraft:lapis_ore":2,"minecraft:deepslate_gold_ore":8,"minecraft:sculk":6,"minecraft:diorite":4,"minecraft:wall_torch":40,"minecraft:pink_petals":2,"minecraft:seagrass":1,"minecraft:birch_log":30,"minecraft:ice":3,"minecraft:lilac":15,"minecraft:birch_leaves":1,"minecraft:yellow_bed":1,"quark:glow_shroom":1,"minecraft:yellow_stained_glass_pane":1,"minecraft:grass":139,"mekanism:deepslate_tin_ore":8,"minecraft:oak_log":16,"minecraft:coal_ore":322,"mekanism:lead_ore":1,"minecraft:dripstone_block":1,"mekanism:deepslate_fluorite_ore":4,"minecraft:acacia_door":1,"minecraft:gravel":12,"minecraft:sand":9,"minecraft:dirt":303,"mekanism:deepslate_uranium_ore":18,"minecraft:netherrack":3,"minecraft:oak_leaves":35,"minecraft:deepslate":186},"minecraft:dropped":{"minecraft:bread":4,"mekanism:dust_steel":1,"minecraft:cooked_beef":1,"minecraft:cooked_porkchop":9,"minecraft:dirt":148,"minecraft:diorite":1,"minecraft:torch":1,"minecraft:wooden_axe":1,"minecraft:snowball":224,"minecraft:iron_pickaxe":8,"minecraft:string":1,"minecraft:bone":1,"minecraft:furnace":3,"minecraft:cooked_chicken":4,"minecraft:stone_shovel":1,"minecraft:rotten_flesh":3,"minecraft:spider_eye":1,"minecraft:arrow":2},"minecraft:picked_up":{"minecraft:wooden_axe":2,"minecraft:crafting_table":8,"minecraft:chicken":8,"mekanism:raw_uranium":18,"minecraft:red_bed":2,"minecraft:string":2,"minecraft:raw_copper":146,"minecraft:acacia_door":1,"minecraft:glass_pane":7,"minecraft:cobbled_deepslate":188,"minecraft:beef":17,"minecraft:poppy":3,"minecraft:iron_pickaxe":9,"minecraft:sugar_cane":5,"minecraft:egg":5,"minecraft:furnace":3,"minecraft:stick":50,"minecraft:raw_iron":95,"minecraft:acacia_fence":1,"mekanism:jetpack":1,"minecraft:torch":53,"minecraft:acacia_log":13,"minecraft:porkchop":21,"minecraft:cherry_log":45,"minecraft:pointed_dripstone":12,"minecraft:diorite":8,"minecraft:redstone":190,"mekanism:raw_tin":43,"minecraft:orange_bed":8,"minecraft:stone_shovel":1,"minecraft:arrow":9,"minecraft:rotten_flesh":3,"minecraft:hay_block":1,"minecraft:obsidian":5,"minecraft:mutton":14,"minecraft:white_wool":11,"mekanism:personal_chest":1,"minecraft:snowball":229,"minecraft:cobblestone":422,"minecraft:birch_log":29,"minecraft:pink_petals":4,"minecraft:feather":5,"minecraft:lilac":15,"mekanism:raw_lead":1,"minecraft:water_bucket":1,"minecraft:andesite":8,"minecraft:leather":9,"minecraft:flint":3,"minecraft:tuff":5,"minecraft:oak_log":16,"minecraft:yellow_bed":1,"minecraft:lapis_lazuli":183,"minecraft:dirt":842,"minecraft:bone":10,"minecraft:bow":1,"minecraft:wheat_seeds":254,"minecraft:raw_gold":8,"minecraft:rabbit_hide":1,"minecraft:stone_pickaxe":1,"quark:glow_shroom":1,"minecraft:tall_grass":3,"minecraft:rabbit":1,"minecraft:cooked_porkchop":7,"minecraft:pumpkin":8,"minecraft:dripstone_block":7,"minecraft:gravel":10,"minecraft:sand":9,"dynamictrees:acacia_seed":1,"quark:glow_lichen_growth":2,"mekanism:raw_osmium":40,"minecraft:spider_eye":1,"minecraft:diamond":1,"dynamictrees:cherry_seed":18,"minecraft:granite":28,"mekanism:fluorite_gem":13,"minecraft:gray_wool":1,"minecraft:bread":25,"minecraft:oak_sapling":1,"minecraft:netherrack":3,"minecraft:black_wool":1,"minecraft:coal":344},"minecraft:used":{"minecraft:stone_shovel":999,"minecraft:cooked_chicken":2,"minecraft:orange_bed":7,"minecraft:torch":91,"minecraft:dirt":314,"minecraft:wooden_axe":162,"minecraft:furnace":6,"minecraft:cooked_beef":6,"minecraft:cooked_mutton":12,"minecraft:water_bucket":1,"minecraft:diorite":1,"minecraft:stone_pickaxe":145,"mekanism:personal_chest":4,"minecraft:crafting_table":9,"minecraft:red_bed":2,"dynamictrees:cherry_seed":1,"minecraft:apple":2,"minecraft:acacia_door":1,"minecraft:bread":58,"minecraft:iron_pickaxe":1202,"minecraft:gravel":2,"minecraft:stone_axe":104,"minecraft:cobblestone":230,"minecraft:cooked_porkchop":8,"minecraft:bucket":1,"minecraft:yellow_bed":1},"minecraft:crafted":{"minecraft:stone_shovel":7,"minecraft:cooked_chicken":8,"minecraft:furnace":6,"minecraft:cooked_mutton":12,"minecraft:stone_pickaxe":1,"minecraft:cooked_beef":7,"minecraft:cooked_porkchop":10,"minecraft:crafting_table":1,"minecraft:stone_axe":3,"minecraft:stick":36,"minecraft:iron_ingot":15,"minecraft:iron_pickaxe":4,"minecraft:wooden_axe":3,"minecraft:acacia_planks":12,"minecraft:torch":80},"minecraft:killed":{"minecraft:spider":1,"minecraft:skeleton":4,"mekanismadditions:baby_skeleton":1,"minecraft:chicken":8,"minecraft:pig":9,"minecraft:rabbit":1,"minecraft:sheep":9,"minecraft:zombie":7,"minecraft:cow":10}},"DataVersion":3465}