{"stats":{"minecraft:killed_by":{"minecraft:zombie_villager":1,"minecraft:creeper":2,"minecraft:pillager":1,"mekanismadditions:baby_skeleton":3,"minecraft:skeleton":2,"minecraft:zombie":2},"minecraft:crafted":{"minecraft:cherry_planks":268,"minecraft:oak_planks":40,"minecraft:stone_shovel":9,"minecraft:cooked_chicken":9,"minecraft:furnace":6,"minecraft:acacia_fence_gate":1,"minecraft:bookshelf":1,"minecraft:cooked_mutton":23,"minecraft:quartz_block":243,"minecraft:stone_pickaxe":6,"minecraft:quartz_slab":477,"minecraft:acacia_fence":3,"minecraft:cherry_fence":192,"minecraft:cooked_rabbit":1,"minecraft:cherry_fence_gate":6,"minecraft:cooked_beef":46,"minecraft:oak_slab":6,"minecraft:emerald":9,"minecraft:cooked_porkchop":19,"minecraft:crafting_table":2,"minecraft:stone_axe":3,"minecraft:air":0,"minecraft:lectern":1,"minecraft:book":3,"minecraft:paper":204,"minecraft:stick":52,"minecraft:iron_ingot":15,"minecraft:iron_pickaxe":4,"minecraft:wooden_axe":3,"minecraft:stone_sword":1,"minecraft:acacia_planks":12,"minecraft:torch":108},"minecraft:used":{"minecraft:stone_sword":115,"minecraft:stone_shovel":1312,"minecraft:chest":3,"minecraft:cooked_chicken":5,"minecraft:stone_hoe":36,"minecraft:orange_bed":7,"minecraft:torch":111,"minecraft:dirt":425,"minecraft:wooden_axe":162,"minecraft:quartz_slab":451,"minecraft:basalt":28,"minecraft:furnace":6,"minecraft:cooked_mutton":22,"minecraft:diorite":1,"minecraft:cooked_beef":7,"minecraft:pumpkin":1,"minecraft:cherry_fence":35,"minecraft:water_bucket":10,"minecraft:wheat_seeds":27,"minecraft:oak_planks":1,"minecraft:stone_pickaxe":836,"mekanism:personal_chest":8,"minecraft:blackstone":10,"minecraft:sugar_cane":29,"minecraft:red_bed":2,"minecraft:crafting_table":13,"dynamictrees:cherry_seed":1,"minecraft:apple":2,"minecraft:acacia_door":1,"minecraft:bread":58,"minecraft:iron_pickaxe":1227,"minecraft:lectern":40,"minecraft:gravel":2,"minecraft:stone_axe":237,"minecraft:cobblestone":300,"minecraft:cooked_rabbit":1,"minecraft:cooked_porkchop":17,"minecraft:bucket":10,"minecraft:yellow_bed":2},"minecraft:killed":{"minecraft:spider":4,"minecraft:horse":1,"minecraft:skeleton":4,"mekanismadditions:baby_skeleton":1,"minecraft:chicken":11,"minecraft:pig":14,"minecraft:rabbit":1,"minecraft:bat":1,"minecraft:squid":1,"minecraft:sheep":15,"minecraft:zombie":14,"minecraft:cow":29},"minecraft:picked_up":{"minecraft:wooden_axe":2,"minecraft:crafting_table":12,"minecraft:wheat":12,"minecraft:chicken":11,"mekanism:raw_uranium":18,"minecraft:lead":2,"minecraft:brown_mushroom":1,"minecraft:string":7,"minecraft:red_bed":2,"minecraft:raw_copper":247,"minecraft:acacia_door":1,"minecraft:quartz_slab":22,"minecraft:blackstone":10,"minecraft:glass_pane":7,"minecraft:cobbled_deepslate":188,"minecraft:bucket":1,"minecraft:beef":56,"minecraft:white_tulip":19,"minecraft:iron_pickaxe":9,"dynamictrees:oak_seed":1,"minecraft:poppy":3,"minecraft:light_gray_wool":1,"minecraft:lectern":40,"minecraft:melon_slice":86,"minecraft:sugar_cane":594,"minecraft:chest":1,"dynamictrees:cocoa_seed":2,"minecraft:furnace":3,"minecraft:egg":51,"minecraft:raw_iron":112,"minecraft:stick":171,"minecraft:acacia_fence":1,"minecraft:oak_door":1,"mekanism:jetpack":2,"minecraft:oak_fence":4,"minecraft:torch":62,"minecraft:acacia_log":13,"minecraft:porkchop":30,"minecraft:cherry_log":140,"minecraft:pointed_dripstone":23,"minecraft:diorite":8,"minecraft:redstone":190,"mekanism:raw_tin":46,"minecraft:cherry_fence_gate":6,"minecraft:orange_bed":8,"minecraft:quartz_block":1,"minecraft:arrow":11,"minecraft:stone_shovel":1,"minecraft:rotten_flesh":8,"quark:hollow_cherry_log":2,"minecraft:hay_block":1,"minecraft:pink_tulip":1,"minecraft:obsidian":5,"minecraft:mutton":23,"mekanism:personal_chest":1,"minecraft:rail":1,"minecraft:snowball":229,"minecraft:white_wool":14,"minecraft:cobblestone":817,"minecraft:birch_log":29,"minecraft:pink_petals":6,"minecraft:lilac":15,"minecraft:cooked_beef":15,"minecraft:feather":6,"minecraft:basalt":40,"mekanism:raw_lead":9,"minecraft:water_bucket":2,"minecraft:andesite":10,"minecraft:leather":26,"minecraft:flint":3,"minecraft:tuff":5,"minecraft:oak_log":26,"minecraft:cherry_fence":28,"minecraft:yellow_bed":3,"minecraft:gunpowder":1,"minecraft:cobblestone_stairs":2,"minecraft:lapis_lazuli":183,"minecraft:dirt":1248,"minecraft:paper":9,"minecraft:cooked_mutton":2,"minecraft:bone":11,"minecraft:bow":1,"minecraft:wheat_seeds":301,"minecraft:orange_tulip":1,"minecraft:raw_gold":8,"minecraft:rabbit_hide":1,"quark:glow_shroom":1,"minecraft:stone_pickaxe":1,"minecraft:tall_grass":3,"minecraft:rabbit":1,"minecraft:oak_planks":2,"minecraft:nether_quartz_ore":64,"minecraft:cooked_porkchop":7,"minecraft:pumpkin":59,"mekanismtools:osmium_chestplate":1,"minecraft:quartz":76,"minecraft:dandelion":1,"minecraft:dripstone_block":9,"minecraft:gravel":13,"minecraft:sand":9,"dynamictrees:acacia_seed":1,"minecraft:ink_sac":2,"quark:glow_lichen_growth":2,"mekanism:raw_osmium":43,"minecraft:spider_eye":1,"mekanismtools:osmium_leggings":1,"mekanismtools:osmium_boots":1,"minecraft:diamond":1,"minecraft:stone_axe":1,"mekanism:fluorite_gem":13,"minecraft:granite":28,"dynamictrees:cherry_seed":75,"minecraft:gray_wool":3,"minecraft:bread":25,"minecraft:oak_sapling":1,"minecraft:netherrack":30,"minecraft:black_wool":1,"minecraft:coal":507,"minecraft:sunflower":4},"minecraft:dropped":{"minecraft:water_bucket":1,"minecraft:bread":4,"mekanism:dust_steel":1,"mekanism:jetpack":1,"minecraft:cooked_beef":49,"minecraft:dripstone_block":2,"minecraft:cooked_porkchop":9,"minecraft:oak_fence":4,"minecraft:cobblestone":62,"minecraft:rail":1,"minecraft:cherry_fence_gate":6,"minecraft:emerald":8,"minecraft:dirt":905,"minecraft:diorite":1,"minecraft:torch":1,"minecraft:wooden_axe":1,"minecraft:snowball":224,"minecraft:sunflower":3,"minecraft:pumpkin":42,"minecraft:iron_pickaxe":8,"minecraft:string":1,"minecraft:pink_petals":2,"minecraft:bucket":1,"minecraft:pink_tulip":1,"minecraft:bone":1,"minecraft:gravel":3,"minecraft:furnace":3,"minecraft:stone_axe":1,"minecraft:sugar_cane":346,"minecraft:cooked_chicken":4,"minecraft:wheat":2,"minecraft:pointed_dripstone":8,"minecraft:stone_shovel":1,"minecraft:rotten_flesh":3,"minecraft:cooked_mutton":3,"minecraft:pumpkin_seeds":3,"minecraft:andesite":2,"minecraft:yellow_bed":1,"minecraft:spider_eye":1,"minecraft:arrow":2,"minecraft:cherry_fence":63,"minecraft:lectern":1,"minecraft:quartz_slab":51,"minecraft:egg":3},"minecraft:broken":{"minecraft:stone_pickaxe":6,"minecraft:stone_axe":2,"minecraft:iron_pickaxe":4,"minecraft:wooden_axe":4,"minecraft:stone_shovel":9},"minecraft:mined":{"minecraft:tuff":5,"minecraft:farmland":3,"minecraft:deepslate_diamond_ore":2,"minecraft:sculk_vein":3,"minecraft:cobblestone_stairs":2,"mekanism:deepslate_osmium_ore":16,"minecraft:glow_lichen":1,"minecraft:granite":29,"minecraft:acacia_log":13,"minecraft:grass_block":785,"quark:glow_lichen_growth":1,"minecraft:hay_block":2,"dynamictrees:oak_leaves":4,"minecraft:redstone_ore":4,"minecraft:iron_ore":101,"minecraft:snow":1,"dynamictrees:cherry_leaves":3,"minecraft:andesite":10,"minecraft:pumpkin":51,"minecraft:deepslate_lapis_ore":26,"dynamictrees:spruce_leaves":1,"minecraft:pointed_dripstone":4,"minecraft:deepslate_iron_ore":10,"minecraft:quartz_slab":13,"minecraft:pink_tulip":2,"minecraft:white_tulip":20,"minecraft:stone":738,"dynamictrees:jungle_leaves":6,"minecraft:orange_bed":7,"minecraft:deepslate_redstone_ore":28,"minecraft:brown_mushroom":1,"mekanism:osmium_ore":27,"minecraft:red_bed":2,"minecraft:blackstone":10,"minecraft:snow_block":79,"minecraft:basalt":42,"minecraft:powder_snow":2,"minecraft:torch":8,"minecraft:crafting_table":12,"dynamictrees:cocoa":2,"minecraft:melon":17,"minecraft:poppy":3,"minecraft:chest":1,"minecraft:white_stained_glass_pane":2,"minecraft:sculk_sensor":2,"mekanism:tin_ore":39,"minecraft:lectern":38,"minecraft:nether_quartz_ore":14,"minecraft:copper_ore":71,"minecraft:tall_grass":40,"quark:hollow_cherry_log":2,"minecraft:cobblestone":23,"minecraft:deepslate_gold_ore":8,"minecraft:lapis_ore":2,"minecraft:oak_planks":1,"minecraft:sugar_cane":475,"minecraft:sculk":6,"minecraft:diorite":4,"minecraft:wall_torch":43,"minecraft:pink_petals":3,"minecraft:seagrass":1,"minecraft:cherry_fence":7,"minecraft:birch_log":30,"minecraft:wheat":14,"minecraft:ice":3,"minecraft:lilac":15,"minecraft:birch_leaves":1,"minecraft:orange_tulip":1,"minecraft:yellow_bed":2,"quark:glow_shroom":1,"minecraft:yellow_stained_glass_pane":3,"minecraft:grass":196,"mekanism:deepslate_tin_ore":8,"minecraft:coal_ore":485,"minecraft:oak_log":16,"minecraft:gravel":15,"minecraft:sand":9,"mekanism:lead_ore":9,"minecraft:acacia_door":1,"minecraft:sunflower":4,"mekanism:deepslate_fluorite_ore":4,"minecraft:dripstone_block":2,"minecraft:dirt":353,"mekanism:deepslate_uranium_ore":18,"minecraft:cobweb":2,"minecraft:netherrack":33,"minecraft:oak_leaves":35,"minecraft:deepslate":186},"minecraft:custom":{"minecraft:mob_kills":97,"minecraft:animals_bred":18,"minecraft:interact_with_crafting_table":86,"minecraft:leave_game":79,"minecraft:time_since_death":173,"minecraft:climb_one_cm":8608,"minecraft:sprint_one_cm":1843654,"minecraft:walk_one_cm":2070534,"minecraft:drop":596,"minecraft:talked_to_villager":63,"minecraft:play_time":945528,"minecraft:sneak_time":484,"minecraft:deaths":16,"minecraft:walk_under_water_one_cm":144255,"minecraft:jump":8150,"minecraft:interact_with_blast_furnace":2,"minecraft:walk_on_water_one_cm":304114,"minecraft:total_world_time":945528,"minecraft:interact_with_furnace":63,"minecraft:traded_with_villager":9,"minecraft:interact_with_cartography_table":1,"minecraft:sleep_in_bed":39,"minecraft:time_since_rest":212,"minecraft:damage_taken":11331,"minecraft:damage_dealt":11480,"minecraft:player_kills":1,"minecraft:swim_one_cm":110411,"minecraft:fly_one_cm":1008593,"minecraft:open_chest":119,"minecraft:crouch_one_cm":949,"minecraft:fall_one_cm":182353}},"DataVersion":3465}