{"stats":{"minecraft:killed_by":{"minecraft:zombie_villager":1,"minecraft:creeper":2,"minecraft:pillager":1,"mekanismadditions:baby_skeleton":3,"minecraft:zombie":2,"minecraft:skeleton":2},"minecraft:crafted":{"minecraft:oak_planks":40,"minecraft:cooked_chicken":9,"minecraft:bookshelf":1,"minecraft:cooked_mutton":23,"minecraft:quartz_block":243,"minecraft:melon_seeds":22,"minecraft:acacia_fence":3,"minecraft:cherry_fence":192,"minecraft:cooked_rabbit":1,"minecraft:oak_slab":6,"minecraft:emerald":9,"minecraft:cooked_porkchop":19,"minecraft:crafting_table":2,"minecraft:lectern":1,"minecraft:book":3,"minecraft:paper":204,"minecraft:stick":108,"minecraft:iron_ingot":15,"minecraft:iron_pickaxe":4,"minecraft:stone_sword":1,"minecraft:cherry_planks":268,"minecraft:stone_shovel":10,"minecraft:furnace":6,"minecraft:acacia_fence_gate":1,"minecraft:stone_pickaxe":6,"minecraft:quartz_slab":477,"minecraft:cherry_fence_gate":6,"minecraft:cooked_beef":46,"minecraft:stone_axe":3,"minecraft:air":0,"minecraft:wooden_axe":3,"minecraft:acacia_planks":12,"minecraft:torch":108},"minecraft:used":{"minecraft:iron_shovel":216,"minecraft:chest":3,"minecraft:quartz_slab":451,"minecraft:furnace":6,"minecraft:diorite":1,"minecraft:stone_pickaxe":837,"minecraft:oak_planks":1,"mekanism:personal_chest":10,"minecraft:blackstone":10,"minecraft:sugar_cane":29,"minecraft:acacia_door":1,"minecraft:bread":58,"minecraft:lectern":40,"minecraft:gravel":2,"minecraft:cooked_rabbit":1,"minecraft:stone_sword":115,"minecraft:stone_shovel":1312,"minecraft:stone_hoe":36,"minecraft:cooked_chicken":5,"minecraft:orange_bed":7,"minecraft:torch":111,"minecraft:dirt":605,"minecraft:wooden_axe":162,"minecraft:melon_seeds":22,"minecraft:basalt":28,"minecraft:cooked_beef":7,"minecraft:cherry_fence":35,"minecraft:pumpkin":1,"minecraft:wheat_seeds":29,"minecraft:cooked_mutton":22,"minecraft:water_bucket":10,"minecraft:crafting_table":13,"minecraft:red_bed":2,"dynamictrees:cherry_seed":1,"minecraft:apple":2,"mekanism:atomic_disassembler":2344,"minecraft:iron_pickaxe":1227,"minecraft:stone_axe":237,"minecraft:cobblestone":313,"minecraft:cooked_porkchop":17,"minecraft:bucket":10,"minecraft:yellow_bed":2},"minecraft:killed":{"minecraft:spider":4,"minecraft:skeleton":4,"minecraft:chicken":11,"minecraft:pig":14,"minecraft:sheep":15,"minecraft:zombie":14,"minecraft:cow":29,"minecraft:horse":1,"mekanismadditions:baby_skeleton":1,"minecraft:rabbit":1,"minecraft:bat":1,"minecraft:squid":1},"minecraft:picked_up":{"minecraft:wooden_axe":2,"minecraft:wheat":12,"mekanism:raw_uranium":18,"minecraft:lead":2,"minecraft:string":7,"minecraft:raw_copper":247,"minecraft:cobbled_deepslate":188,"minecraft:bucket":1,"minecraft:white_tulip":19,"dynamictrees:oak_seed":1,"minecraft:iron_pickaxe":9,"minecraft:melon_slice":86,"minecraft:furnace":3,"minecraft:stick":171,"minecraft:acacia_fence":1,"minecraft:oak_fence":4,"minecraft:torch":62,"minecraft:acacia_log":13,"minecraft:porkchop":30,"minecraft:cherry_log":140,"minecraft:diorite":8,"minecraft:pointed_dripstone":23,"mekanism:raw_tin":46,"minecraft:orange_bed":8,"minecraft:quartz_block":1,"minecraft:rotten_flesh":11,"quark:hollow_cherry_log":2,"minecraft:obsidian":5,"minecraft:snowball":229,"minecraft:cobblestone":1425,"minecraft:birch_log":29,"minecraft:pink_petals":6,"minecraft:feather":6,"minecraft:cooked_beef":15,"minecraft:lilac":15,"minecraft:water_bucket":2,"minecraft:andesite":10,"minecraft:flint":3,"minecraft:tuff":5,"minecraft:cherry_fence":28,"minecraft:dirt":1691,"minecraft:lapis_lazuli":183,"minecraft:bone":11,"minecraft:bow":1,"minecraft:orange_tulip":1,"minecraft:wheat_seeds":305,"minecraft:raw_gold":8,"minecraft:rabbit":1,"minecraft:oak_planks":2,"minecraft:cooked_porkchop":7,"mekanismtools:osmium_chestplate":1,"minecraft:sand":9,"dynamictrees:acacia_seed":1,"minecraft:ink_sac":2,"quark:glow_lichen_growth":2,"minecraft:diamond":1,"minecraft:granite":28,"minecraft:bread":25,"minecraft:oak_sapling":1,"minecraft:netherrack":30,"minecraft:crafting_table":12,"minecraft:azure_bluet":21,"minecraft:chicken":11,"minecraft:brown_mushroom":1,"minecraft:red_bed":2,"minecraft:acacia_door":1,"minecraft:quartz_slab":23,"minecraft:blackstone":10,"minecraft:glass_pane":7,"minecraft:beef":56,"minecraft:poppy":3,"minecraft:light_gray_wool":1,"minecraft:lectern":40,"minecraft:sugar_cane":594,"minecraft:chest":1,"dynamictrees:cocoa_seed":2,"minecraft:egg":56,"minecraft:raw_iron":128,"minecraft:oak_door":1,"mekanism:jetpack":2,"minecraft:redstone":190,"minecraft:cherry_fence_gate":6,"minecraft:arrow":11,"minecraft:stone_shovel":1,"minecraft:hay_block":1,"minecraft:pink_tulip":1,"minecraft:mutton":23,"minecraft:white_wool":14,"mekanism:personal_chest":1,"minecraft:rail":1,"minecraft:basalt":40,"mekanism:raw_lead":9,"minecraft:leather":26,"minecraft:oak_log":26,"minecraft:yellow_bed":3,"minecraft:gunpowder":3,"minecraft:cobblestone_stairs":2,"minecraft:paper":9,"minecraft:cooked_mutton":2,"minecraft:rabbit_hide":1,"minecraft:stone_pickaxe":1,"quark:glow_shroom":1,"minecraft:tall_grass":3,"minecraft:nether_quartz_ore":64,"minecraft:pumpkin":59,"minecraft:quartz":76,"minecraft:dandelion":2,"minecraft:dripstone_block":9,"minecraft:gravel":13,"mekanism:atomic_disassembler":2,"mekanism:raw_osmium":54,"minecraft:spider_eye":1,"mekanismtools:osmium_leggings":1,"mekanismtools:osmium_boots":1,"minecraft:stone_axe":1,"dynamictrees:cherry_seed":75,"mekanism:fluorite_gem":13,"minecraft:gray_wool":3,"minecraft:black_wool":1,"minecraft:coal":559,"minecraft:sunflower":4},"minecraft:dropped":{"mekanism:jetpack":1,"minecraft:cooked_beef":49,"minecraft:diamond":1,"minecraft:cooked_porkchop":9,"mekanism:atomic_disassembler":1,"minecraft:rail":1,"minecraft:emerald":8,"minecraft:dirt":1235,"minecraft:snowball":224,"minecraft:sunflower":3,"minecraft:iron_pickaxe":8,"minecraft:bone":2,"minecraft:gravel":3,"minecraft:stone_axe":1,"minecraft:sugar_cane":346,"minecraft:cooked_chicken":4,"minecraft:wheat":2,"minecraft:pointed_dripstone":8,"minecraft:rotten_flesh":8,"minecraft:cooked_mutton":3,"minecraft:arrow":2,"minecraft:cherry_fence":63,"minecraft:lectern":1,"minecraft:egg":24,"minecraft:water_bucket":1,"mekanism:dust_steel":1,"minecraft:bread":4,"minecraft:dripstone_block":2,"minecraft:oak_fence":4,"minecraft:cobblestone":412,"minecraft:cherry_fence_gate":6,"minecraft:diorite":1,"minecraft:torch":1,"minecraft:wooden_axe":1,"minecraft:melon_slice":64,"minecraft:pumpkin":42,"minecraft:string":1,"minecraft:pink_petals":2,"minecraft:bucket":1,"minecraft:pink_tulip":1,"minecraft:furnace":3,"minecraft:stone_shovel":1,"minecraft:pumpkin_seeds":3,"minecraft:andesite":2,"minecraft:yellow_bed":1,"minecraft:spider_eye":1,"minecraft:quartz_slab":52},"minecraft:broken":{"minecraft:iron_shovel":1,"minecraft:stone_pickaxe":6,"minecraft:stone_axe":2,"minecraft:wooden_axe":4,"minecraft:stone_shovel":9,"minecraft:iron_pickaxe":4},"minecraft:mined":{"minecraft:farmland":3,"minecraft:cobblestone_stairs":2,"minecraft:sculk_vein":3,"minecraft:granite":29,"minecraft:acacia_log":13,"minecraft:grass_block":1033,"quark:glow_lichen_growth":1,"minecraft:iron_ore":117,"minecraft:pumpkin":51,"minecraft:deepslate_lapis_ore":26,"minecraft:azure_bluet":3,"minecraft:pointed_dripstone":4,"minecraft:dirt_path":1,"minecraft:quartz_slab":13,"minecraft:pink_tulip":2,"dynamictrees:jungle_leaves":6,"minecraft:orange_bed":7,"minecraft:deepslate_redstone_ore":28,"mekanism:osmium_ore":38,"minecraft:brown_mushroom":1,"minecraft:red_bed":2,"minecraft:blackstone":10,"minecraft:powder_snow":2,"minecraft:torch":8,"minecraft:poppy":3,"minecraft:melon":17,"minecraft:chest":1,"minecraft:white_stained_glass_pane":2,"mekanism:tin_ore":39,"minecraft:nether_quartz_ore":14,"minecraft:cobblestone":32,"minecraft:sugar_cane":475,"minecraft:oak_planks":1,"minecraft:wall_torch":43,"minecraft:pink_petals":3,"minecraft:seagrass":1,"minecraft:cherry_fence":7,"minecraft:birch_log":30,"minecraft:wheat":14,"minecraft:lilac":15,"minecraft:orange_tulip":1,"quark:glow_shroom":1,"minecraft:yellow_stained_glass_pane":3,"minecraft:grass":203,"mekanism:deepslate_tin_ore":8,"minecraft:oak_log":16,"mekanism:lead_ore":9,"minecraft:sand":9,"minecraft:dirt":587,"minecraft:netherrack":33,"minecraft:oak_leaves":35,"minecraft:deepslate":186,"minecraft:tuff":5,"minecraft:deepslate_diamond_ore":2,"mekanism:deepslate_osmium_ore":16,"minecraft:glow_lichen":1,"minecraft:hay_block":2,"dynamictrees:oak_leaves":4,"minecraft:redstone_ore":4,"minecraft:snow":1,"dynamictrees:cherry_leaves":3,"minecraft:andesite":10,"dynamictrees:spruce_leaves":1,"minecraft:deepslate_iron_ore":10,"minecraft:stone":2755,"minecraft:white_tulip":20,"minecraft:snow_block":79,"minecraft:basalt":42,"minecraft:crafting_table":12,"dynamictrees:cocoa":2,"minecraft:sculk_sensor":2,"minecraft:lectern":38,"quark:hollow_cherry_log":2,"minecraft:tall_grass":40,"minecraft:copper_ore":71,"minecraft:lapis_ore":2,"minecraft:deepslate_gold_ore":8,"minecraft:sculk":6,"minecraft:diorite":4,"minecraft:ice":3,"minecraft:birch_leaves":1,"minecraft:yellow_bed":2,"minecraft:coal_ore":539,"minecraft:dripstone_block":2,"mekanism:deepslate_fluorite_ore":4,"minecraft:sunflower":4,"minecraft:gravel":15,"minecraft:acacia_door":1,"minecraft:cobweb":2,"mekanism:deepslate_uranium_ore":18},"minecraft:custom":{"minecraft:animals_bred":18,"minecraft:interact_with_crafting_table":89,"minecraft:leave_game":80,"minecraft:time_since_death":57966,"minecraft:sprint_one_cm":1970111,"minecraft:drop":621,"minecraft:talked_to_villager":63,"minecraft:play_time":1003321,"minecraft:deaths":16,"minecraft:jump":8521,"minecraft:walk_on_water_one_cm":309210,"minecraft:interact_with_furnace":63,"minecraft:traded_with_villager":9,"minecraft:interact_with_cartography_table":1,"minecraft:sleep_in_bed":43,"minecraft:damage_dealt":11593,"minecraft:player_kills":1,"minecraft:crouch_one_cm":949,"minecraft:mob_kills":97,"minecraft:climb_one_cm":8608,"minecraft:walk_one_cm":2179539,"minecraft:sneak_time":501,"minecraft:walk_under_water_one_cm":144255,"minecraft:interact_with_blast_furnace":2,"minecraft:total_world_time":1003321,"minecraft:time_since_rest":7255,"minecraft:damage_taken":11538,"minecraft:swim_one_cm":110411,"minecraft:fly_one_cm":1065703,"minecraft:open_chest":123,"minecraft:fall_one_cm":191871}},"DataVersion":3465}