{"stats":{"minecraft:killed":{"minecraft:spider":8,"minecraft:skeleton":2,"minecraft:creeper":2,"minecraft:zombie":6},"minecraft:dropped":{"minecraft:iron_ingot":1,"minecraft:wheat_seeds":4,"minecraft:oak_fence":2,"minecraft:dirt":1,"minecraft:wooden_hoe":2,"mekanism:raw_osmium":2,"minecraft:cactus":7,"minecraft:bone":1,"electrodynamics:guidebook":1,"minecraft:wheat":1,"minecraft:white_bed":1,"minecraft:rabbit_foot":1,"alexsmobs:cooked_kangaroo_meat":2,"minecraft:oak_sapling":19,"minecraft:bamboo":6,"minecraft:wooden_pickaxe":1,"minecraft:stone_pickaxe":1,"minecraft:oak_leaves":14},"minecraft:picked_up":{"minecraft:charcoal":2,"minecraft:crafting_table":8,"minecraft:wheat":17,"minecraft:lead":27,"minecraft:string":9,"electrodynamics:raworetin":9,"minecraft:white_carpet":4,"electrodynamics:oremolybdenum":18,"minecraft:jungle_sapling":4,"minecraft:melon_slice":63,"minecraft:furnace":2,"minecraft:raw_iron":4,"minecraft:stick":16,"minecraft:oak_fence":4,"minecraft:green_bed":1,"minecraft:torch":13,"minecraft:acacia_log":3,"minecraft:diorite":1,"mekanism:raw_tin":14,"minecraft:rabbit_foot":1,"minecraft:rotten_flesh":11,"minecraft:arrow":4,"minecraft:cactus":8,"minecraft:white_wool":15,"minecraft:cobblestone":34,"minecraft:jungle_log":20,"minecraft:flint":2,"minecraft:oak_log":49,"alexsmobs:cooked_kangaroo_meat":5,"minecraft:gunpowder":2,"minecraft:lapis_lazuli":6,"minecraft:wooden_hoe":1,"minecraft:dirt":22,"minecraft:bone":2,"minecraft:apple":1,"minecraft:wheat_seeds":64,"minecraft:rabbit":1,"minecraft:bamboo":12,"minecraft:gravel":10,"minecraft:sand":11,"minecraft:white_bed":2,"minecraft:spider_eye":1,"mekanism:raw_osmium":2,"electrodynamics:guidebook":1,"alexsmobs:rattlesnake_rattle":1,"electrodynamics:crystalhalite":69,"minecraft:grass":14,"minecraft:oak_sapling":19,"minecraft:oak_leaves":16,"minecraft:coal":46},"minecraft:broken":{"minecraft:wooden_axe":1,"minecraft:wooden_hoe":1},"minecraft:killed_by":{"minecraft:creeper":1},"minecraft:used":{"minecraft:oak_trapdoor":4,"minecraft:oak_fence":54,"minecraft:stone_sword":126,"minecraft:flint_and_steel":35,"minecraft:shield":8,"minecraft:rotten_flesh":1,"minecraft:torch":13,"minecraft:dirt":21,"alexsmobs:maraca":17,"minecraft:white_carpet":10,"alexsmobs:cooked_kangaroo_meat":1,"minecraft:wooden_axe":63,"minecraft:bamboo":3,"minecraft:furnace":3,"minecraft:wheat_seeds":51,"minecraft:diorite":1,"minecraft:lead":1,"minecraft:stone_pickaxe":135,"minecraft:wooden_pickaxe":5,"minecraft:green_bed":2,"minecraft:oak_leaves":2,"minecraft:sand":2,"minecraft:crafting_table":10,"minecraft:white_bed":2,"minecraft:campfire":1,"minecraft:shears":31,"minecraft:wooden_hoe":149,"minecraft:apple":1,"minecraft:melon_slice":62,"minecraft:gravel":10,"minecraft:fire_charge":1,"minecraft:cooked_rabbit":1,"minecraft:bone_meal":3},"minecraft:custom":{"minecraft:mob_kills":22,"minecraft:animals_bred":10,"minecraft:interact_with_crafting_table":158,"minecraft:leave_game":4,"minecraft:time_since_death":135352,"minecraft:climb_one_cm":4631,"minecraft:sprint_one_cm":284122,"minecraft:walk_one_cm":508829,"minecraft:damage_blocked_by_shield":200,"minecraft:drop":31,"minecraft:talked_to_villager":1,"minecraft:play_time":154564,"minecraft:deaths":1,"minecraft:sneak_time":2747,"minecraft:walk_under_water_one_cm":2737,"minecraft:jump":1849,"minecraft:walk_on_water_one_cm":4713,"minecraft:total_world_time":154564,"minecraft:interact_with_furnace":19,"minecraft:sleep_in_bed":7,"minecraft:time_since_rest":39465,"minecraft:damage_taken":1480,"minecraft:damage_dealt":3927,"minecraft:swim_one_cm":13328,"minecraft:fly_one_cm":347979,"minecraft:open_chest":19,"minecraft:crouch_one_cm":7127,"minecraft:fall_one_cm":38404},"minecraft:mined":{"minecraft:white_bed":2,"electrodynamics:oremolybdenum":18,"minecraft:grass_block":20,"minecraft:jungle_log":23,"electrodynamics:oretin":9,"minecraft:furnace":2,"minecraft:iron_ore":4,"minecraft:fire":18,"minecraft:flowering_azalea_leaves":2,"minecraft:vine":1,"minecraft:bamboo":4,"minecraft:stone":30,"minecraft:green_bed":1,"electrodynamics:oresalt":33,"mekanism:osmium_ore":2,"minecraft:oak_fence":4,"minecraft:crafting_table":7,"minecraft:torch":8,"minecraft:melon":9,"mekanism:tin_ore":14,"minecraft:campfire":1,"minecraft:tall_grass":9,"minecraft:lapis_ore":1,"minecraft:diorite":1,"minecraft:wall_torch":4,"minecraft:cactus":2,"minecraft:wheat":22,"minecraft:white_carpet":4,"minecraft:grass":144,"minecraft:oak_log":50,"minecraft:coal_ore":17,"minecraft:gravel":10,"minecraft:sand":11,"minecraft:dirt":2,"minecraft:oak_leaves":39,"minecraft:fern":1},"minecraft:crafted":{"minecraft:oak_planks":160,"minecraft:furnace":1,"minecraft:bone_meal":3,"minecraft:white_carpet":6,"minecraft:oak_trapdoor":4,"minecraft:flint_and_steel":1,"minecraft:green_dye":1,"minecraft:glass":9,"minecraft:stone_pickaxe":2,"minecraft:oak_fence":54,"minecraft:cooked_rabbit":1,"minecraft:glass_bottle":9,"minecraft:crafting_table":3,"minecraft:wooden_pickaxe":1,"minecraft:green_bed":1,"minecraft:campfire":4,"minecraft:air":0,"minecraft:jungle_planks":80,"alexsmobs:maraca":1,"minecraft:wooden_hoe":2,"minecraft:shield":1,"minecraft:stick":48,"minecraft:iron_ingot":5,"minecraft:wooden_axe":1,"minecraft:stone_sword":1,"minecraft:white_bed":2,"minecraft:torch":4,"minecraft:shears":1}},"DataVersion":3465}