{"stats":{"minecraft:broken":{"minecraft:stone_sword":1,"minecraft:golden_sword":1,"minecraft:stone_axe":2,"minecraft:wooden_axe":8,"minecraft:wooden_hoe":1},"minecraft:used":{"alexsmobs:emu_egg":2,"minecraft:oak_trapdoor":4,"minecraft:oak_fence":56,"minecraft:stone_sword":292,"minecraft:flint_and_steel":35,"minecraft:chest":3,"minecraft:shield":21,"quark:feeding_trough":2,"minecraft:rotten_flesh":2,"minecraft:torch":13,"minecraft:dirt":31,"alexsmobs:maraca":17,"minecraft:white_carpet":10,"alexsmobs:cooked_kangaroo_meat":3,"minecraft:wooden_axe":528,"minecraft:bamboo":3,"minecraft:golden_sword":32,"minecraft:furnace":5,"minecraft:egg":4,"minecraft:cooked_beef":7,"minecraft:wheat_seeds":62,"minecraft:diorite":1,"minecraft:lead":1,"minecraft:stone_pickaxe":140,"minecraft:oak_planks":2,"minecraft:wooden_pickaxe":5,"minecraft:green_bed":2,"minecraft:jungle_boat":1,"minecraft:oak_leaves":2,"minecraft:sand":2,"minecraft:crafting_table":16,"minecraft:white_bed":7,"minecraft:campfire":1,"minecraft:shears":69,"minecraft:wooden_hoe":149,"minecraft:apple":2,"minecraft:melon_slice":138,"minecraft:gravel":10,"minecraft:stone_axe":296,"minecraft:fire_charge":1,"minecraft:cooked_rabbit":1,"minecraft:bone_meal":3},"minecraft:killed_by":{"minecraft:creeper":1,"mekanismadditions:baby_skeleton":1,"minecraft:skeleton":1,"minecraft:zombie":1,"alexsmobs:grizzly_bear":2},"minecraft:custom":{"minecraft:mob_kills":73,"minecraft:animals_bred":63,"minecraft:interact_with_crafting_table":175,"minecraft:leave_game":7,"minecraft:time_since_death":250,"minecraft:climb_one_cm":12177,"minecraft:sprint_one_cm":855671,"minecraft:walk_one_cm":822359,"minecraft:damage_blocked_by_shield":550,"minecraft:drop":113,"minecraft:talked_to_villager":2,"minecraft:play_time":354086,"minecraft:sneak_time":7209,"minecraft:deaths":10,"minecraft:walk_under_water_one_cm":42456,"minecraft:boat_one_cm":14854,"minecraft:jump":5085,"minecraft:walk_on_water_one_cm":27904,"minecraft:total_world_time":354086,"minecraft:interact_with_furnace":38,"minecraft:sleep_in_bed":18,"minecraft:time_since_rest":275,"minecraft:damage_taken":5880,"minecraft:damage_dealt":7885,"minecraft:swim_one_cm":204027,"minecraft:fly_one_cm":1137464,"minecraft:open_chest":73,"minecraft:crouch_one_cm":30444,"minecraft:fall_one_cm":138037},"minecraft:crafted":{"minecraft:oak_planks":256,"minecraft:furnace":2,"minecraft:bone_meal":3,"minecraft:white_carpet":6,"minecraft:oak_trapdoor":4,"minecraft:flint_and_steel":1,"minecraft:green_dye":1,"minecraft:glass":9,"minecraft:stone_pickaxe":2,"minecraft:chest":2,"minecraft:oak_fence":54,"minecraft:cooked_rabbit":1,"minecraft:cooked_beef":7,"minecraft:glass_bottle":9,"mekanism:ingot_tin":14,"quark:feeding_trough":1,"minecraft:crafting_table":5,"minecraft:jungle_boat":1,"minecraft:wooden_pickaxe":1,"minecraft:green_bed":1,"minecraft:campfire":4,"minecraft:stone_axe":2,"minecraft:air":0,"minecraft:jungle_planks":508,"electrodynamics:ingotmolybdenum":18,"alexsmobs:maraca":1,"minecraft:wooden_hoe":2,"minecraft:shield":1,"minecraft:stick":52,"quark:oak_chest":2,"minecraft:iron_ingot":5,"minecraft:wooden_axe":9,"minecraft:stone_sword":2,"minecraft:white_bed":3,"minecraft:torch":4,"minecraft:shears":1},"minecraft:picked_up":{"minecraft:cocoa_beans":55,"minecraft:charcoal":4,"minecraft:crafting_table":14,"minecraft:wheat":95,"minecraft:chicken":1,"minecraft:lead":27,"minecraft:string":14,"electrodynamics:raworetin":9,"minecraft:white_carpet":4,"alexsmobs:banana":10,"minecraft:beef":7,"electrodynamics:oremolybdenum":18,"minecraft:jungle_sapling":56,"minecraft:melon_slice":163,"minecraft:chest":1,"minecraft:furnace":3,"minecraft:egg":7,"minecraft:stick":61,"minecraft:raw_iron":4,"minecraft:oak_fence":6,"minecraft:torch":13,"minecraft:acacia_log":3,"minecraft:green_bed":1,"minecraft:diorite":1,"mekanism:raw_tin":14,"minecraft:rabbit_foot":1,"minecraft:honey_bottle":3,"alexsmobs:kangaroo_burger":1,"minecraft:stone_sword":1,"minecraft:arrow":11,"minecraft:cactus":8,"minecraft:rotten_flesh":19,"minecraft:tropical_fish":39,"minecraft:shears":2,"alexsmobs:emu_egg":2,"alexsmobs:flying_fish":3,"minecraft:cod":22,"minecraft:white_wool":15,"minecraft:cobblestone":34,"minecraft:jungle_log":403,"minecraft:leather":3,"minecraft:flint":2,"minecraft:oak_log":73,"alexsmobs:cooked_kangaroo_meat":5,"minecraft:gunpowder":2,"minecraft:lapis_lazuli":6,"minecraft:wooden_hoe":1,"minecraft:dirt":45,"minecraft:bone":9,"minecraft:apple":3,"minecraft:kelp":7,"minecraft:wheat_seeds":211,"minecraft:rabbit":1,"minecraft:glass_bottle":12,"minecraft:bamboo":12,"minecraft:oak_planks":2,"quark:feeding_trough":2,"minecraft:gravel":10,"minecraft:sand":11,"minecraft:white_bed":7,"mekanism:raw_osmium":2,"minecraft:spider_eye":2,"electrodynamics:guidebook":1,"alexsmobs:rattlesnake_rattle":1,"minecraft:grass":92,"electrodynamics:crystalhalite":69,"minecraft:oak_sapling":45,"minecraft:oak_leaves":16,"minecraft:coal":52},"minecraft:mined":{"minecraft:white_bed":7,"electrodynamics:oremolybdenum":18,"minecraft:jungle_leaves":13,"minecraft:grass_block":24,"minecraft:jungle_log":528,"electrodynamics:oretin":9,"minecraft:furnace":3,"minecraft:iron_ore":4,"minecraft:fire":22,"minecraft:flowering_azalea_leaves":2,"minecraft:vine":61,"minecraft:bamboo":4,"minecraft:stone":30,"minecraft:green_bed":1,"electrodynamics:oresalt":33,"mekanism:osmium_ore":2,"minecraft:kelp_plant":4,"minecraft:oak_fence":6,"minecraft:crafting_table":13,"minecraft:torch":8,"minecraft:melon":31,"minecraft:chest":1,"mekanism:tin_ore":14,"minecraft:campfire":2,"minecraft:tall_grass":23,"minecraft:lapis_ore":1,"minecraft:oak_planks":2,"minecraft:diorite":1,"minecraft:wall_torch":4,"minecraft:cactus":2,"minecraft:wheat":33,"minecraft:white_carpet":4,"minecraft:grass":253,"minecraft:oak_log":83,"quark:feeding_trough":2,"minecraft:coal_ore":17,"minecraft:cocoa":1,"minecraft:gravel":10,"minecraft:sand":11,"minecraft:dirt":10,"minecraft:oak_leaves":78,"minecraft:fern":11},"minecraft:killed":{"minecraft:spider":13,"minecraft:cod":11,"minecraft:skeleton":4,"minecraft:tropical_fish":23,"minecraft:creeper":2,"minecraft:zombie":10,"minecraft:cow":3},"minecraft:dropped":{"minecraft:iron_ingot":1,"minecraft:wheat_seeds":9,"minecraft:glass_bottle":10,"minecraft:oak_fence":2,"minecraft:cobblestone":2,"minecraft:apple":1,"minecraft:tropical_fish":39,"minecraft:cod":22,"minecraft:dirt":14,"minecraft:grass":1,"minecraft:wooden_hoe":2,"minecraft:melon_slice":5,"alexsmobs:flying_fish":3,"minecraft:jungle_sapling":52,"mekanism:raw_osmium":2,"minecraft:cactus":7,"minecraft:white_wool":2,"minecraft:bone":3,"minecraft:kelp":7,"minecraft:stone_sword":2,"electrodynamics:guidebook":1,"minecraft:cocoa_beans":55,"minecraft:wheat":1,"minecraft:rotten_flesh":1,"minecraft:oak_planks":96,"minecraft:honey_bottle":6,"minecraft:white_bed":1,"minecraft:shears":2,"minecraft:rabbit_foot":1,"alexsmobs:cooked_kangaroo_meat":2,"minecraft:jungle_log":278,"minecraft:oak_sapling":45,"minecraft:bamboo":6,"minecraft:wooden_pickaxe":1,"minecraft:stone_pickaxe":1,"minecraft:oak_leaves":14}},"DataVersion":3465}