{"stats":{"minecraft:broken":{"minecraft:stone_sword":1,"minecraft:golden_sword":1,"minecraft:wooden_axe":1,"minecraft:wooden_hoe":1},"minecraft:used":{"alexsmobs:emu_egg":2,"minecraft:oak_trapdoor":4,"minecraft:oak_fence":56,"minecraft:stone_sword":292,"minecraft:flint_and_steel":35,"minecraft:chest":3,"minecraft:shield":21,"quark:feeding_trough":2,"minecraft:rotten_flesh":2,"minecraft:torch":13,"minecraft:dirt":31,"alexsmobs:maraca":17,"minecraft:white_carpet":10,"alexsmobs:cooked_kangaroo_meat":3,"minecraft:wooden_axe":63,"minecraft:bamboo":3,"minecraft:golden_sword":32,"minecraft:furnace":5,"minecraft:egg":4,"minecraft:cooked_beef":6,"minecraft:wheat_seeds":62,"minecraft:diorite":1,"minecraft:lead":1,"minecraft:stone_pickaxe":136,"minecraft:oak_planks":2,"minecraft:wooden_pickaxe":5,"minecraft:green_bed":2,"minecraft:jungle_boat":1,"minecraft:oak_leaves":2,"minecraft:sand":2,"minecraft:crafting_table":13,"minecraft:white_bed":5,"minecraft:campfire":1,"minecraft:shears":69,"minecraft:wooden_hoe":149,"minecraft:apple":1,"minecraft:melon_slice":106,"minecraft:gravel":10,"minecraft:stone_axe":13,"minecraft:fire_charge":1,"minecraft:cooked_rabbit":1,"minecraft:bone_meal":3},"minecraft:killed_by":{"minecraft:creeper":1,"minecraft:skeleton":1,"minecraft:zombie":1},"minecraft:custom":{"minecraft:mob_kills":68,"minecraft:animals_bred":63,"minecraft:interact_with_crafting_table":172,"minecraft:leave_game":6,"minecraft:time_since_death":16492,"minecraft:climb_one_cm":5444,"minecraft:sprint_one_cm":640787,"minecraft:walk_one_cm":712342,"minecraft:damage_blocked_by_shield":550,"minecraft:drop":56,"minecraft:talked_to_villager":2,"minecraft:play_time":289471,"minecraft:sneak_time":6375,"minecraft:deaths":6,"minecraft:walk_under_water_one_cm":41116,"minecraft:boat_one_cm":14854,"minecraft:jump":3962,"minecraft:walk_on_water_one_cm":27098,"minecraft:total_world_time":289471,"minecraft:interact_with_furnace":38,"minecraft:sleep_in_bed":13,"minecraft:time_since_rest":17433,"minecraft:damage_taken":3910,"minecraft:damage_dealt":7163,"minecraft:swim_one_cm":194879,"minecraft:fly_one_cm":906886,"minecraft:open_chest":64,"minecraft:crouch_one_cm":29076,"minecraft:fall_one_cm":99656},"minecraft:crafted":{"minecraft:oak_planks":160,"minecraft:furnace":2,"minecraft:bone_meal":3,"minecraft:white_carpet":6,"minecraft:oak_trapdoor":4,"minecraft:flint_and_steel":1,"minecraft:green_dye":1,"minecraft:glass":9,"minecraft:stone_pickaxe":2,"minecraft:chest":2,"minecraft:oak_fence":54,"minecraft:cooked_rabbit":1,"minecraft:cooked_beef":7,"minecraft:glass_bottle":9,"mekanism:ingot_tin":14,"quark:feeding_trough":1,"minecraft:crafting_table":5,"minecraft:jungle_boat":1,"minecraft:wooden_pickaxe":1,"minecraft:green_bed":1,"minecraft:campfire":4,"minecraft:stone_axe":1,"minecraft:air":0,"minecraft:jungle_planks":80,"electrodynamics:ingotmolybdenum":18,"alexsmobs:maraca":1,"minecraft:wooden_hoe":2,"minecraft:shield":1,"minecraft:stick":52,"quark:oak_chest":2,"minecraft:iron_ingot":5,"minecraft:wooden_axe":1,"minecraft:stone_sword":2,"minecraft:white_bed":3,"minecraft:torch":4,"minecraft:shears":1},"minecraft:picked_up":{"minecraft:charcoal":4,"minecraft:crafting_table":11,"minecraft:wheat":67,"minecraft:lead":27,"minecraft:string":12,"electrodynamics:raworetin":9,"minecraft:white_carpet":4,"minecraft:beef":7,"electrodynamics:oremolybdenum":18,"minecraft:jungle_sapling":4,"minecraft:melon_slice":157,"minecraft:chest":1,"minecraft:furnace":3,"minecraft:egg":4,"minecraft:stick":18,"minecraft:raw_iron":4,"minecraft:oak_fence":6,"minecraft:torch":13,"minecraft:acacia_log":3,"minecraft:green_bed":1,"minecraft:diorite":1,"mekanism:raw_tin":14,"minecraft:rabbit_foot":1,"alexsmobs:kangaroo_burger":1,"minecraft:stone_sword":1,"minecraft:arrow":9,"minecraft:cactus":8,"minecraft:rotten_flesh":17,"minecraft:tropical_fish":22,"minecraft:shears":2,"alexsmobs:emu_egg":2,"alexsmobs:flying_fish":3,"minecraft:cod":11,"minecraft:white_wool":15,"minecraft:cobblestone":34,"minecraft:jungle_log":20,"minecraft:leather":3,"minecraft:flint":2,"minecraft:oak_log":49,"alexsmobs:cooked_kangaroo_meat":5,"minecraft:gunpowder":2,"minecraft:lapis_lazuli":6,"minecraft:wooden_hoe":1,"minecraft:dirt":43,"minecraft:bone":6,"minecraft:apple":1,"minecraft:kelp":7,"minecraft:wheat_seeds":156,"minecraft:rabbit":1,"minecraft:glass_bottle":10,"minecraft:bamboo":12,"minecraft:oak_planks":2,"quark:feeding_trough":2,"minecraft:gravel":10,"minecraft:sand":11,"minecraft:white_bed":5,"mekanism:raw_osmium":2,"minecraft:spider_eye":2,"electrodynamics:guidebook":1,"alexsmobs:rattlesnake_rattle":1,"minecraft:grass":92,"electrodynamics:crystalhalite":69,"minecraft:oak_sapling":21,"minecraft:oak_leaves":16,"minecraft:coal":52},"minecraft:mined":{"minecraft:white_bed":5,"electrodynamics:oremolybdenum":18,"minecraft:grass_block":22,"minecraft:jungle_log":23,"electrodynamics:oretin":9,"minecraft:furnace":3,"minecraft:iron_ore":4,"minecraft:fire":22,"minecraft:flowering_azalea_leaves":2,"minecraft:vine":1,"minecraft:bamboo":4,"minecraft:stone":30,"minecraft:green_bed":1,"electrodynamics:oresalt":33,"mekanism:osmium_ore":2,"minecraft:kelp_plant":4,"minecraft:oak_fence":6,"minecraft:crafting_table":10,"minecraft:torch":8,"minecraft:melon":29,"minecraft:chest":1,"mekanism:tin_ore":14,"minecraft:campfire":2,"minecraft:tall_grass":23,"minecraft:lapis_ore":1,"minecraft:oak_planks":2,"minecraft:diorite":1,"minecraft:wall_torch":4,"minecraft:cactus":2,"minecraft:wheat":33,"minecraft:white_carpet":4,"minecraft:grass":219,"minecraft:oak_log":50,"quark:feeding_trough":2,"minecraft:coal_ore":17,"minecraft:gravel":10,"minecraft:sand":11,"minecraft:dirt":10,"minecraft:oak_leaves":70,"minecraft:fern":1},"minecraft:killed":{"minecraft:spider":12,"minecraft:cod":11,"minecraft:skeleton":3,"minecraft:tropical_fish":23,"minecraft:creeper":2,"minecraft:zombie":9,"minecraft:cow":3},"minecraft:dropped":{"minecraft:iron_ingot":1,"minecraft:wheat_seeds":5,"minecraft:glass_bottle":10,"minecraft:oak_fence":2,"minecraft:dirt":10,"minecraft:grass":1,"minecraft:wooden_hoe":2,"minecraft:melon_slice":5,"alexsmobs:flying_fish":3,"mekanism:raw_osmium":2,"minecraft:cactus":7,"minecraft:white_wool":2,"minecraft:bone":3,"minecraft:kelp":7,"minecraft:stone_sword":2,"electrodynamics:guidebook":1,"minecraft:wheat":1,"minecraft:rotten_flesh":1,"minecraft:white_bed":1,"minecraft:shears":2,"minecraft:rabbit_foot":1,"alexsmobs:cooked_kangaroo_meat":2,"minecraft:oak_sapling":21,"minecraft:bamboo":6,"minecraft:wooden_pickaxe":1,"minecraft:stone_pickaxe":1,"minecraft:oak_leaves":14}},"DataVersion":3465}