{"stats":{"minecraft:broken":{"minecraft:stone_sword":1,"minecraft:golden_sword":1,"minecraft:wooden_axe":1,"minecraft:wooden_hoe":1},"minecraft:used":{"minecraft:oak_trapdoor":4,"minecraft:oak_fence":54,"minecraft:stone_sword":249,"minecraft:flint_and_steel":35,"minecraft:shield":15,"minecraft:rotten_flesh":1,"minecraft:torch":13,"minecraft:dirt":29,"alexsmobs:maraca":17,"minecraft:white_carpet":10,"alexsmobs:cooked_kangaroo_meat":3,"minecraft:wooden_axe":63,"minecraft:bamboo":3,"minecraft:golden_sword":32,"minecraft:furnace":3,"minecraft:egg":2,"minecraft:wheat_seeds":62,"minecraft:diorite":1,"minecraft:lead":1,"minecraft:stone_pickaxe":135,"minecraft:wooden_pickaxe":5,"minecraft:green_bed":2,"minecraft:oak_leaves":2,"minecraft:sand":2,"minecraft:crafting_table":10,"minecraft:white_bed":2,"minecraft:campfire":1,"minecraft:shears":42,"minecraft:wooden_hoe":149,"minecraft:apple":1,"minecraft:melon_slice":92,"minecraft:gravel":10,"minecraft:fire_charge":1,"minecraft:cooked_rabbit":1,"minecraft:bone_meal":3},"minecraft:killed_by":{"minecraft:creeper":1,"minecraft:skeleton":1},"minecraft:custom":{"minecraft:mob_kills":61,"minecraft:animals_bred":27,"minecraft:interact_with_crafting_table":159,"minecraft:leave_game":5,"minecraft:time_since_death":1975,"minecraft:climb_one_cm":5157,"minecraft:sprint_one_cm":446470,"minecraft:walk_one_cm":611302,"minecraft:damage_blocked_by_shield":420,"minecraft:drop":46,"minecraft:talked_to_villager":1,"minecraft:play_time":195117,"minecraft:deaths":5,"minecraft:sneak_time":4833,"minecraft:walk_under_water_one_cm":38510,"minecraft:jump":2789,"minecraft:walk_on_water_one_cm":23390,"minecraft:total_world_time":195117,"minecraft:interact_with_furnace":20,"minecraft:sleep_in_bed":7,"minecraft:time_since_rest":2006,"minecraft:damage_taken":3180,"minecraft:damage_dealt":6281,"minecraft:swim_one_cm":139879,"minecraft:fly_one_cm":591012,"minecraft:open_chest":26,"minecraft:crouch_one_cm":17540,"minecraft:fall_one_cm":67665},"minecraft:crafted":{"minecraft:oak_planks":160,"minecraft:furnace":1,"minecraft:bone_meal":3,"minecraft:white_carpet":6,"minecraft:oak_trapdoor":4,"minecraft:flint_and_steel":1,"minecraft:green_dye":1,"minecraft:glass":9,"minecraft:stone_pickaxe":2,"minecraft:oak_fence":54,"minecraft:cooked_rabbit":1,"minecraft:glass_bottle":9,"minecraft:crafting_table":3,"minecraft:wooden_pickaxe":1,"minecraft:green_bed":1,"minecraft:campfire":4,"minecraft:air":0,"minecraft:jungle_planks":80,"alexsmobs:maraca":1,"minecraft:wooden_hoe":2,"minecraft:shield":1,"minecraft:stick":52,"minecraft:iron_ingot":5,"minecraft:wooden_axe":1,"minecraft:stone_sword":2,"minecraft:white_bed":2,"minecraft:torch":4,"minecraft:shears":1},"minecraft:picked_up":{"minecraft:charcoal":4,"minecraft:crafting_table":8,"minecraft:wheat":28,"minecraft:lead":27,"minecraft:string":9,"electrodynamics:raworetin":9,"minecraft:white_carpet":4,"electrodynamics:oremolybdenum":18,"minecraft:jungle_sapling":4,"minecraft:melon_slice":74,"minecraft:furnace":2,"minecraft:egg":2,"minecraft:stick":16,"minecraft:raw_iron":4,"minecraft:oak_fence":4,"minecraft:green_bed":1,"minecraft:torch":13,"minecraft:acacia_log":3,"minecraft:diorite":1,"mekanism:raw_tin":14,"minecraft:rabbit_foot":1,"minecraft:rotten_flesh":13,"minecraft:arrow":9,"minecraft:cactus":8,"minecraft:tropical_fish":22,"minecraft:shears":2,"alexsmobs:flying_fish":3,"minecraft:cod":11,"minecraft:white_wool":15,"minecraft:cobblestone":34,"minecraft:jungle_log":20,"minecraft:flint":2,"minecraft:oak_log":49,"alexsmobs:cooked_kangaroo_meat":5,"minecraft:gunpowder":2,"minecraft:lapis_lazuli":6,"minecraft:wooden_hoe":1,"minecraft:dirt":30,"minecraft:bone":6,"minecraft:apple":1,"minecraft:kelp":7,"minecraft:wheat_seeds":92,"minecraft:rabbit":1,"minecraft:glass_bottle":1,"minecraft:bamboo":12,"minecraft:gravel":10,"minecraft:sand":11,"minecraft:white_bed":2,"mekanism:raw_osmium":2,"minecraft:spider_eye":2,"electrodynamics:guidebook":1,"alexsmobs:rattlesnake_rattle":1,"electrodynamics:crystalhalite":69,"minecraft:grass":31,"minecraft:oak_sapling":20,"minecraft:oak_leaves":16,"minecraft:coal":46},"minecraft:mined":{"minecraft:white_bed":2,"electrodynamics:oremolybdenum":18,"minecraft:grass_block":21,"minecraft:jungle_log":23,"electrodynamics:oretin":9,"minecraft:furnace":2,"minecraft:iron_ore":4,"minecraft:fire":18,"minecraft:flowering_azalea_leaves":2,"minecraft:vine":1,"minecraft:bamboo":4,"minecraft:stone":30,"minecraft:green_bed":1,"electrodynamics:oresalt":33,"mekanism:osmium_ore":2,"minecraft:kelp_plant":4,"minecraft:oak_fence":4,"minecraft:crafting_table":7,"minecraft:torch":8,"minecraft:melon":11,"mekanism:tin_ore":14,"minecraft:campfire":2,"minecraft:tall_grass":13,"minecraft:lapis_ore":1,"minecraft:diorite":1,"minecraft:wall_torch":4,"minecraft:cactus":2,"minecraft:wheat":33,"minecraft:white_carpet":4,"minecraft:grass":171,"minecraft:oak_log":50,"minecraft:coal_ore":17,"minecraft:gravel":10,"minecraft:sand":11,"minecraft:dirt":9,"minecraft:oak_leaves":48,"minecraft:fern":1},"minecraft:killed":{"minecraft:spider":10,"minecraft:cod":11,"minecraft:skeleton":3,"minecraft:tropical_fish":23,"minecraft:creeper":2,"minecraft:zombie":7},"minecraft:dropped":{"minecraft:iron_ingot":1,"minecraft:wheat_seeds":4,"minecraft:glass_bottle":1,"minecraft:oak_fence":2,"minecraft:dirt":1,"minecraft:grass":1,"minecraft:wooden_hoe":2,"alexsmobs:flying_fish":3,"mekanism:raw_osmium":2,"minecraft:cactus":7,"minecraft:bone":1,"minecraft:kelp":7,"electrodynamics:guidebook":1,"minecraft:wheat":1,"minecraft:white_bed":1,"minecraft:shears":2,"minecraft:rabbit_foot":1,"alexsmobs:cooked_kangaroo_meat":2,"minecraft:oak_sapling":20,"minecraft:bamboo":6,"minecraft:wooden_pickaxe":1,"minecraft:stone_pickaxe":1,"minecraft:oak_leaves":14}},"DataVersion":3465}