{"stats":{"minecraft:broken":{"minecraft:stone_sword":1,"minecraft:golden_sword":1,"minecraft:wooden_axe":1,"minecraft:wooden_hoe":1},"minecraft:used":{"alexsmobs:emu_egg":2,"minecraft:oak_trapdoor":4,"minecraft:oak_fence":54,"minecraft:stone_sword":292,"minecraft:flint_and_steel":35,"minecraft:shield":19,"minecraft:rotten_flesh":2,"minecraft:torch":13,"minecraft:dirt":31,"alexsmobs:maraca":17,"minecraft:white_carpet":10,"alexsmobs:cooked_kangaroo_meat":3,"minecraft:wooden_axe":63,"minecraft:bamboo":3,"minecraft:golden_sword":32,"minecraft:furnace":5,"minecraft:egg":2,"minecraft:cooked_beef":2,"minecraft:wheat_seeds":62,"minecraft:diorite":1,"minecraft:lead":1,"minecraft:stone_pickaxe":136,"minecraft:wooden_pickaxe":5,"minecraft:green_bed":2,"minecraft:oak_leaves":2,"minecraft:sand":2,"minecraft:crafting_table":12,"minecraft:white_bed":5,"minecraft:campfire":1,"minecraft:shears":51,"minecraft:wooden_hoe":149,"minecraft:apple":1,"minecraft:melon_slice":103,"minecraft:gravel":10,"minecraft:fire_charge":1,"minecraft:cooked_rabbit":1,"minecraft:bone_meal":3},"minecraft:killed_by":{"minecraft:creeper":1,"minecraft:skeleton":1},"minecraft:custom":{"minecraft:mob_kills":67,"minecraft:animals_bred":36,"minecraft:interact_with_crafting_table":164,"minecraft:leave_game":5,"minecraft:time_since_death":43975,"minecraft:climb_one_cm":5157,"minecraft:sprint_one_cm":548603,"minecraft:walk_one_cm":658151,"minecraft:damage_blocked_by_shield":490,"minecraft:drop":55,"minecraft:talked_to_villager":2,"minecraft:play_time":237117,"minecraft:deaths":5,"minecraft:sneak_time":5135,"minecraft:walk_under_water_one_cm":40093,"minecraft:jump":3390,"minecraft:walk_on_water_one_cm":25473,"minecraft:total_world_time":237117,"minecraft:interact_with_furnace":27,"minecraft:sleep_in_bed":11,"minecraft:time_since_rest":5962,"minecraft:damage_taken":3310,"minecraft:damage_dealt":6953,"minecraft:swim_one_cm":190632,"minecraft:fly_one_cm":775164,"minecraft:open_chest":36,"minecraft:crouch_one_cm":19960,"minecraft:fall_one_cm":83028},"minecraft:crafted":{"minecraft:oak_planks":160,"minecraft:furnace":2,"minecraft:bone_meal":3,"minecraft:white_carpet":6,"minecraft:oak_trapdoor":4,"minecraft:flint_and_steel":1,"minecraft:green_dye":1,"minecraft:glass":9,"minecraft:stone_pickaxe":2,"minecraft:oak_fence":54,"minecraft:cooked_rabbit":1,"minecraft:cooked_beef":7,"minecraft:glass_bottle":9,"mekanism:ingot_tin":6,"minecraft:crafting_table":4,"minecraft:wooden_pickaxe":1,"minecraft:green_bed":1,"minecraft:campfire":4,"minecraft:air":0,"minecraft:jungle_planks":80,"alexsmobs:maraca":1,"minecraft:wooden_hoe":2,"minecraft:shield":1,"minecraft:stick":52,"minecraft:iron_ingot":5,"minecraft:wooden_axe":1,"minecraft:stone_sword":2,"minecraft:white_bed":3,"minecraft:torch":4,"minecraft:shears":1},"minecraft:picked_up":{"minecraft:charcoal":4,"minecraft:crafting_table":10,"minecraft:wheat":38,"minecraft:lead":27,"minecraft:string":12,"electrodynamics:raworetin":9,"minecraft:white_carpet":4,"minecraft:beef":7,"electrodynamics:oremolybdenum":18,"minecraft:jungle_sapling":4,"minecraft:melon_slice":141,"minecraft:furnace":3,"minecraft:egg":2,"minecraft:stick":18,"minecraft:raw_iron":4,"minecraft:oak_fence":4,"minecraft:green_bed":1,"minecraft:torch":13,"minecraft:acacia_log":3,"minecraft:diorite":1,"mekanism:raw_tin":14,"minecraft:rabbit_foot":1,"alexsmobs:kangaroo_burger":1,"minecraft:stone_sword":1,"minecraft:rotten_flesh":16,"minecraft:arrow":9,"minecraft:cactus":8,"minecraft:tropical_fish":22,"minecraft:shears":2,"alexsmobs:emu_egg":2,"alexsmobs:flying_fish":3,"minecraft:cod":11,"minecraft:white_wool":15,"minecraft:cobblestone":34,"minecraft:jungle_log":20,"minecraft:leather":3,"minecraft:flint":2,"minecraft:oak_log":49,"alexsmobs:cooked_kangaroo_meat":5,"minecraft:gunpowder":2,"minecraft:lapis_lazuli":6,"minecraft:wooden_hoe":1,"minecraft:dirt":41,"minecraft:bone":6,"minecraft:apple":1,"minecraft:kelp":7,"minecraft:wheat_seeds":112,"minecraft:rabbit":1,"minecraft:glass_bottle":10,"minecraft:bamboo":12,"minecraft:gravel":10,"minecraft:sand":11,"minecraft:white_bed":5,"mekanism:raw_osmium":2,"minecraft:spider_eye":2,"electrodynamics:guidebook":1,"alexsmobs:rattlesnake_rattle":1,"electrodynamics:crystalhalite":69,"minecraft:grass":40,"minecraft:oak_sapling":20,"minecraft:oak_leaves":16,"minecraft:coal":52},"minecraft:mined":{"minecraft:white_bed":5,"electrodynamics:oremolybdenum":18,"minecraft:grass_block":21,"minecraft:jungle_log":23,"electrodynamics:oretin":9,"minecraft:furnace":3,"minecraft:iron_ore":4,"minecraft:fire":22,"minecraft:flowering_azalea_leaves":2,"minecraft:vine":1,"minecraft:bamboo":4,"minecraft:stone":30,"minecraft:green_bed":1,"electrodynamics:oresalt":33,"mekanism:osmium_ore":2,"minecraft:kelp_plant":4,"minecraft:oak_fence":4,"minecraft:crafting_table":9,"minecraft:torch":8,"minecraft:melon":26,"mekanism:tin_ore":14,"minecraft:campfire":2,"minecraft:tall_grass":17,"minecraft:lapis_ore":1,"minecraft:diorite":1,"minecraft:wall_torch":4,"minecraft:cactus":2,"minecraft:wheat":33,"minecraft:white_carpet":4,"minecraft:grass":200,"minecraft:oak_log":50,"minecraft:coal_ore":17,"minecraft:gravel":10,"minecraft:sand":11,"minecraft:dirt":9,"minecraft:oak_leaves":69,"minecraft:fern":1},"minecraft:killed":{"minecraft:spider":12,"minecraft:cod":11,"minecraft:skeleton":3,"minecraft:tropical_fish":23,"minecraft:creeper":2,"minecraft:zombie":8,"minecraft:cow":3},"minecraft:dropped":{"minecraft:iron_ingot":1,"minecraft:wheat_seeds":5,"minecraft:glass_bottle":10,"minecraft:oak_fence":2,"minecraft:dirt":10,"minecraft:grass":1,"minecraft:wooden_hoe":2,"minecraft:melon_slice":5,"alexsmobs:flying_fish":3,"mekanism:raw_osmium":2,"minecraft:cactus":7,"minecraft:white_wool":2,"minecraft:bone":3,"minecraft:kelp":7,"minecraft:stone_sword":2,"electrodynamics:guidebook":1,"minecraft:wheat":1,"minecraft:rotten_flesh":1,"minecraft:white_bed":1,"minecraft:shears":2,"minecraft:rabbit_foot":1,"alexsmobs:cooked_kangaroo_meat":2,"minecraft:oak_sapling":20,"minecraft:bamboo":6,"minecraft:wooden_pickaxe":1,"minecraft:stone_pickaxe":1,"minecraft:oak_leaves":14}},"DataVersion":3465}