{
  "mekanism:root": {
    "criteria": {
      "automatic": "2024-07-17 05:40:18 +0000"
    },
    "done": true
  },
  "minecraft:adventure/adventuring_time": {
    "criteria": {
      "minecraft:snowy_slopes": "2024-07-19 03:57:36 +0000",
      "quark:glimmering_weald": "2024-07-18 22:29:13 +0000",
      "minecraft:sunflower_plains": "2024-07-19 02:34:51 +0000",
      "minecraft:cherry_grove": "2024-07-19 02:42:43 +0000",
      "minecraft:birch_forest": "2024-07-19 02:51:12 +0000",
      "minecraft:savanna_plateau": "2024-07-17 22:27:22 +0000",
      "minecraft:beach": "2024-07-19 22:16:21 +0000",
      "minecraft:river": "2024-07-17 22:36:47 +0000",
      "minecraft:dripstone_caves": "2024-07-17 22:50:47 +0000",
      "minecraft:forest": "2024-07-17 05:40:20 +0000",
      "minecraft:ocean": "2024-07-19 22:17:43 +0000",
      "minecraft:deep_dark": "2024-07-18 06:28:40 +0000",
      "minecraft:meadow": "2024-07-19 03:32:19 +0000",
      "minecraft:savanna": "2024-07-17 22:27:38 +0000",
      "minecraft:plains": "2024-07-18 07:11:29 +0000"
    },
    "done": false
  },
  "minecraft:story/root": {
    "criteria": {
      "crafting_table": "2024-07-17 22:24:12 +0000"
    },
    "done": true
  },
  "minecraft:adventure/root": {
    "criteria": {
      "killed_something": "2024-07-17 22:24:35 +0000"
    },
    "done": true
  },
  "minecraft:adventure/sleep_in_bed": {
    "criteria": {
      "slept_in_bed": "2024-07-17 22:35:00 +0000"
    },
    "done": true
  },
  "minecraft:story/form_obsidian": {
    "criteria": {
      "obsidian": "2024-07-17 22:35:09 +0000"
    },
    "done": true
  },
  "minecraft:story/obtain_armor": {
    "criteria": {
      "iron_boots": "2024-07-17 22:35:10 +0000"
    },
    "done": true
  },
  "minecraft:story/smelt_iron": {
    "criteria": {
      "iron": "2024-07-17 22:35:10 +0000"
    },
    "done": true
  },
  "minecraft:husbandry/balanced_diet": {
    "criteria": {
      "cooked_porkchop": "2024-07-18 07:16:34 +0000",
      "cooked_beef": "2024-07-19 03:32:05 +0000",
      "bread": "2024-07-17 22:35:43 +0000",
      "rotten_flesh": "2024-07-18 22:39:50 +0000",
      "melon_slice": "2024-07-21 04:33:51 +0000",
      "cooked_chicken": "2024-07-18 05:55:38 +0000",
      "cooked_salmon": "2024-07-19 05:09:25 +0000",
      "carrot": "2024-07-20 19:59:24 +0000"
    },
    "done": false
  },
  "minecraft:husbandry/root": {
    "criteria": {
      "consumed_item": "2024-07-17 22:35:43 +0000"
    },
    "done": true
  },
  "minecraft:adventure/kill_all_mobs": {
    "criteria": {
      "minecraft:pillager": "2024-07-21 04:53:42 +0000",
      "minecraft:skeleton": "2024-07-17 22:48:06 +0000",
      "minecraft:ghast": "2024-07-19 21:54:48 +0000",
      "minecraft:magma_cube": "2024-07-19 03:56:16 +0000",
      "minecraft:spider": "2024-07-18 06:12:06 +0000",
      "minecraft:piglin_brute": "2024-07-19 06:28:47 +0000",
      "minecraft:creeper": "2024-07-18 21:32:18 +0000",
      "quark:forgotten": "2024-07-18 07:20:00 +0000",
      "minecraft:piglin": "2024-07-19 06:30:21 +0000",
      "minecraft:enderman": "2024-07-19 22:36:48 +0000",
      "minecraft:zombie": "2024-07-17 22:36:05 +0000",
      "quark:foxhound": "2024-07-19 03:56:27 +0000",
      "minecraft:zombie_villager": "2024-07-18 06:58:19 +0000"
    },
    "done": false
  },
  "minecraft:adventure/kill_a_mob": {
    "criteria": {
      "minecraft:zombie": "2024-07-17 22:36:05 +0000"
    },
    "done": true
  },
  "minecraft:husbandry/plant_seed": {
    "criteria": {
      "wheat": "2024-07-17 22:37:31 +0000"
    },
    "done": true
  },
  "mekanismadditions:hurt_by_babies": {
    "criteria": {
      "baby_skeleton": "2024-07-17 22:46:52 +0000",
      "baby_creeper": "2024-07-19 01:39:52 +0000"
    },
    "done": false
  },
  "minecraft:story/deflect_arrow": {
    "criteria": {
      "deflected_projectile": "2024-07-17 22:47:58 +0000"
    },
    "done": true
  },
  "minecraft:husbandry/tame_an_animal": {
    "criteria": {
      "tamed_animal": "2024-07-17 22:49:00 +0000"
    },
    "done": true
  },
  "minecraft:story/mine_stone": {
    "criteria": {
      "get_stone": "2024-07-17 22:49:39 +0000"
    },
    "done": true
  },
  "minecraft:story/upgrade_tools": {
    "criteria": {
      "stone_pickaxe": "2024-07-17 22:49:47 +0000"
    },
    "done": true
  },
  "minecraft:story/iron_tools": {
    "criteria": {
      "iron_pickaxe": "2024-07-18 05:53:47 +0000"
    },
    "done": true
  },
  "mekanismadditions:not_the_babies": {
    "criteria": {
      "baby_skeleton": "2024-07-18 05:56:26 +0000"
    },
    "done": true
  },
  "mekanism:materials": {
    "criteria": {
      "material": "2024-07-18 06:02:23 +0000"
    },
    "done": true
  },
  "minecraft:adventure/shoot_arrow": {
    "criteria": {
      "shot_arrow": "2024-07-18 06:22:37 +0000"
    },
    "done": true
  },
  "mekanismgenerators:heat_generator": {
    "criteria": {
      "heat_generator": "2024-07-18 06:45:45 +0000"
    },
    "done": true
  },
  "mekanism:metallurgic_infuser": {
    "criteria": {
      "metallurgic_infuser": "2024-07-18 06:46:46 +0000"
    },
    "done": true
  },
  "mekanism:infused_alloy": {
    "criteria": {
      "alloy_infused": "2024-07-18 06:53:34 +0000"
    },
    "done": true
  },
  "minecraft:story/lava_bucket": {
    "criteria": {
      "lava_bucket": "2024-07-18 06:57:03 +0000"
    },
    "done": true
  },
  "mekanism:fluid_tank": {
    "criteria": {
      "basic_fluid_tank": "2024-07-18 06:58:54 +0000"
    },
    "done": true
  },
  "mekanismgenerators:solar_generator": {
    "criteria": {
      "solar_generator": "2024-07-18 07:04:13 +0000"
    },
    "done": true
  },
  "mekanism:steel_ingot": {
    "criteria": {
      "ingot_steel": "2024-07-18 07:07:53 +0000"
    },
    "done": true
  },
  "mekanism:energy_transport": {
    "criteria": {
      "basic_universal_cable": "2024-07-18 07:08:02 +0000"
    },
    "done": true
  },
  "quark:get_forgotten_hat": {
    "criteria": {
      "get_forgotten_hat": "2024-07-18 07:20:02 +0000"
    },
    "done": true
  },
  "minecraft:adventure/avoid_vibration": {
    "criteria": {
      "avoid_vibration": "2024-07-18 07:22:17 +0000"
    },
    "done": true
  },
  "minecraft:story/mine_diamond": {
    "criteria": {
      "diamond": "2024-07-18 07:26:51 +0000"
    },
    "done": true
  },
  "mekanism:steel_casing": {
    "criteria": {
      "steel_casing": "2024-07-18 07:38:17 +0000"
    },
    "done": true
  },
  "mekanism:energy_cube": {
    "criteria": {
      "basic_energy_cube": "2024-07-18 07:38:45 +0000"
    },
    "done": true
  },
  "mekanism:basic_control_circuit": {
    "criteria": {
      "basic_control_circuit": "2024-07-18 21:12:16 +0000"
    },
    "done": true
  },
  "mekanism:enricher": {
    "criteria": {
      "enrichment_chamber": "2024-07-18 21:14:55 +0000"
    },
    "done": true
  },
  "mekanism:personal_storage": {
    "criteria": {
      "storage": "2024-07-18 21:24:50 +0000"
    },
    "done": true
  },
  "mekanism:chemical_tank": {
    "criteria": {
      "basic_chemical_tank": "2024-07-18 21:30:01 +0000"
    },
    "done": true
  },
  "mekanism:hydrogen_powered_flight": {
    "criteria": {
      "jetpack": "2024-07-18 21:34:33 +0000"
    },
    "done": true
  },
  "mekanism:pump": {
    "criteria": {
      "electric_pump": "2024-07-18 22:09:40 +0000"
    },
    "done": true
  },
  "mekanism:infusing_efficiency": {
    "criteria": {
      "enriched_material": "2024-07-19 01:27:56 +0000"
    },
    "done": true
  },
  "mekanismtools:alternate_tools": {
    "criteria": {
      "tools": "2024-07-19 01:29:03 +0000"
    },
    "done": true
  },
  "minecraft:nether/obtain_crying_obsidian": {
    "criteria": {
      "crying_obsidian": "2024-07-19 03:54:22 +0000"
    },
    "done": true
  },
  "minecraft:nether/root": {
    "criteria": {
      "entered_nether": "2024-07-19 03:55:33 +0000"
    },
    "done": true
  },
  "minecraft:story/enter_the_nether": {
    "criteria": {
      "entered_nether": "2024-07-19 03:55:33 +0000"
    },
    "done": true
  },
  "minecraft:nether/explore_nether": {
    "criteria": {
      "minecraft:crimson_forest": "2024-07-19 21:57:51 +0000",
      "minecraft:nether_wastes": "2024-07-19 06:28:20 +0000",
      "minecraft:basalt_deltas": "2024-07-19 03:55:35 +0000"
    },
    "done": false
  },
  "mekanism:reinforced_alloy": {
    "criteria": {
      "alloy_reinforced": "2024-07-19 04:52:16 +0000"
    },
    "done": true
  },
  "mekanism:atomic_alloy": {
    "criteria": {
      "alloy_atomic": "2024-07-19 04:54:12 +0000"
    },
    "done": true
  },
  "mekanism:advanced_control_circuit": {
    "criteria": {
      "advanced_control_circuit": "2024-07-19 04:54:56 +0000"
    },
    "done": true
  },
  "mekanismtools:alternate_armor": {
    "criteria": {
      "armor": "2024-07-19 05:07:10 +0000"
    },
    "done": true
  },
  "mekanism:disassembler": {
    "criteria": {
      "atomic_disassembler": "2024-07-19 05:14:25 +0000"
    },
    "done": true
  },
  "minecraft:adventure/trade": {
    "criteria": {
      "traded": "2024-07-19 05:43:02 +0000"
    },
    "done": true
  },
  "mekanism:factory": {
    "criteria": {
      "factory": "2024-07-19 06:11:19 +0000"
    },
    "done": true
  },
  "minecraft:nether/find_bastion": {
    "criteria": {
      "bastion": "2024-07-19 06:27:48 +0000"
    },
    "done": true
  },
  "minecraft:nether/loot_bastion": {
    "criteria": {
      "loot_bastion_treasure": "2024-07-19 06:28:57 +0000"
    },
    "done": true
  },
  "minecraft:story/shiny_gear": {
    "criteria": {
      "diamond_boots": "2024-07-19 06:29:01 +0000"
    },
    "done": true
  },
  "mekanism:liquifier": {
    "criteria": {
      "nutritional_liquifier": "2024-07-19 21:21:19 +0000"
    },
    "done": true
  },
  "minecraft:husbandry/bred_all_animals": {
    "criteria": {
      "minecraft:cow": "2024-07-19 21:22:29 +0000",
      "minecraft:chicken": "2024-07-19 23:21:54 +0000"
    },
    "done": false
  },
  "minecraft:husbandry/breed_an_animal": {
    "criteria": {
      "bred": "2024-07-19 21:22:29 +0000"
    },
    "done": true
  },
  "minecraft:nether/return_to_sender": {
    "criteria": {
      "killed_ghast": "2024-07-19 21:54:48 +0000"
    },
    "done": true
  },
  "ad_astra:ocean_cleanup": {
    "criteria": {
      "oil_bucket": "2024-07-19 22:30:32 +0000"
    },
    "done": true
  },
  "mekanism:purification_chamber": {
    "criteria": {
      "purification_chamber": "2024-07-19 22:59:48 +0000"
    },
    "done": true
  },
  "mekanism:logistical_sorter": {
    "criteria": {
      "logistical_sorter": "2024-07-20 20:20:05 +0000"
    },
    "done": true
  },
  "mekanism:teleportation_core": {
    "criteria": {
      "teleportation_core": "2024-07-20 20:29:36 +0000"
    },
    "done": true
  },
  "mekanism:digital_miner": {
    "criteria": {
      "digital_miner": "2024-07-20 20:34:19 +0000"
    },
    "done": true
  },
  "mekanismgenerators:burn_the_gas": {
    "criteria": {
      "gas_burning_generator": "2024-07-20 20:41:07 +0000"
    },
    "done": true
  },
  "mekanism:cleaning_gauges": {
    "criteria": {
      "use_dropper": "2024-07-21 03:27:16 +0000"
    },
    "done": true
  },
  "mekanism:chemical_transport": {
    "criteria": {
      "basic_pressurized_tube": "2024-07-21 03:41:59 +0000"
    },
    "done": true
  },
  "mekanism:running_free": {
    "criteria": {
      "free_runners": "2024-07-21 03:43:48 +0000"
    },
    "done": true
  },
  "mekanism:installer": {
    "criteria": {
      "installer": "2024-07-21 04:49:01 +0000"
    },
    "done": true
  },
  "mekanism:elite_control_circuit": {
    "criteria": {
      "elite_control_circuit": "2024-07-21 05:05:47 +0000"
    },
    "done": true
  },
  "mekanism:injection_chamber": {
    "criteria": {
      "chemical_injection_chamber": "2024-07-21 05:15:26 +0000"
    },
    "done": true
  },
  "DataVersion": 3465
}