{
  "mekanism:root": {
    "criteria": {
      "automatic": "2024-07-17 22:19:35 +0000"
    },
    "done": true
  },
  "minecraft:adventure/adventuring_time": {
    "criteria": {
      "minecraft:snowy_slopes": "2024-07-19 03:55:58 +0000",
      "quark:glimmering_weald": "2024-07-18 22:12:11 +0000",
      "minecraft:cherry_grove": "2024-07-19 03:25:44 +0000",
      "minecraft:sunflower_plains": "2024-07-19 05:25:15 +0000",
      "minecraft:birch_forest": "2024-07-19 03:02:08 +0000",
      "minecraft:savanna_plateau": "2024-07-17 22:27:26 +0000",
      "minecraft:beach": "2024-07-19 22:19:24 +0000",
      "minecraft:river": "2024-07-17 22:39:57 +0000",
      "minecraft:dripstone_caves": "2024-07-17 22:50:18 +0000",
      "minecraft:grove": "2024-07-19 04:52:37 +0000",
      "minecraft:jagged_peaks": "2024-07-19 04:53:11 +0000",
      "minecraft:forest": "2024-07-17 22:19:36 +0000",
      "minecraft:jungle": "2024-07-19 22:13:11 +0000",
      "minecraft:ocean": "2024-07-19 22:24:16 +0000",
      "minecraft:flower_forest": "2024-07-19 05:48:21 +0000",
      "minecraft:frozen_peaks": "2024-07-19 03:59:30 +0000",
      "minecraft:deep_dark": "2024-07-18 07:18:20 +0000",
      "minecraft:meadow": "2024-07-19 03:38:16 +0000",
      "minecraft:savanna": "2024-07-17 22:27:25 +0000",
      "minecraft:plains": "2024-07-18 07:09:16 +0000"
    },
    "done": false
  },
  "minecraft:adventure/root": {
    "criteria": {
      "killed_something": "2024-07-17 22:27:30 +0000"
    },
    "done": true
  },
  "minecraft:adventure/sleep_in_bed": {
    "criteria": {
      "slept_in_bed": "2024-07-17 22:47:16 +0000"
    },
    "done": true
  },
  "minecraft:story/upgrade_tools": {
    "criteria": {
      "stone_pickaxe": "2024-07-17 22:50:01 +0000"
    },
    "done": true
  },
  "minecraft:story/mine_stone": {
    "criteria": {
      "get_stone": "2024-07-17 22:54:57 +0000"
    },
    "done": true
  },
  "minecraft:husbandry/balanced_diet": {
    "criteria": {
      "cooked_porkchop": "2024-07-19 02:39:09 +0000",
      "cooked_mutton": "2024-07-18 22:32:35 +0000",
      "cooked_beef": "2024-07-18 22:00:44 +0000",
      "apple": "2024-07-19 04:41:42 +0000",
      "bread": "2024-07-17 22:57:44 +0000",
      "cooked_rabbit": "2024-07-19 05:21:11 +0000",
      "cooked_chicken": "2024-07-18 07:20:26 +0000"
    },
    "done": false
  },
  "minecraft:husbandry/root": {
    "criteria": {
      "consumed_item": "2024-07-17 22:57:44 +0000"
    },
    "done": true
  },
  "minecraft:story/smelt_iron": {
    "criteria": {
      "iron": "2024-07-18 05:52:39 +0000"
    },
    "done": true
  },
  "minecraft:story/iron_tools": {
    "criteria": {
      "iron_pickaxe": "2024-07-18 05:53:20 +0000"
    },
    "done": true
  },
  "mekanismadditions:hurt_by_babies": {
    "criteria": {
      "baby_skeleton": "2024-07-18 05:58:37 +0000",
      "baby_creeper": "2024-07-19 06:33:32 +0000"
    },
    "done": false
  },
  "minecraft:adventure/kill_all_mobs": {
    "criteria": {
      "minecraft:skeleton": "2024-07-18 06:28:51 +0000",
      "minecraft:spider": "2024-07-19 03:56:46 +0000",
      "minecraft:zombie": "2024-07-18 06:34:14 +0000"
    },
    "done": false
  },
  "minecraft:adventure/kill_a_mob": {
    "criteria": {
      "minecraft:skeleton": "2024-07-18 06:28:51 +0000"
    },
    "done": true
  },
  "mekanism:materials": {
    "criteria": {
      "material": "2024-07-18 21:23:28 +0000"
    },
    "done": true
  },
  "mekanism:personal_storage": {
    "criteria": {
      "storage": "2024-07-18 21:26:02 +0000"
    },
    "done": true
  },
  "minecraft:story/form_obsidian": {
    "criteria": {
      "obsidian": "2024-07-18 21:30:53 +0000"
    },
    "done": true
  },
  "minecraft:story/mine_diamond": {
    "criteria": {
      "diamond": "2024-07-18 22:00:20 +0000"
    },
    "done": true
  },
  "mekanism:hydrogen_powered_flight": {
    "criteria": {
      "jetpack": "2024-07-18 22:31:21 +0000"
    },
    "done": true
  },
  "minecraft:story/root": {
    "criteria": {
      "crafting_table": "2024-07-18 22:59:21 +0000"
    },
    "done": true
  },
  "mekanismadditions:not_the_babies": {
    "criteria": {
      "baby_skeleton": "2024-07-19 03:03:41 +0000"
    },
    "done": true
  },
  "minecraft:husbandry/bred_all_animals": {
    "criteria": {
      "minecraft:cow": "2024-07-19 06:09:55 +0000",
      "minecraft:chicken": "2024-07-19 05:10:56 +0000"
    },
    "done": false
  },
  "minecraft:husbandry/breed_an_animal": {
    "criteria": {
      "bred": "2024-07-19 05:10:56 +0000"
    },
    "done": true
  },
  "mekanismtools:alternate_armor": {
    "criteria": {
      "armor": "2024-07-19 05:15:37 +0000"
    },
    "done": true
  },
  "minecraft:husbandry/plant_seed": {
    "criteria": {
      "wheat": "2024-07-19 06:12:41 +0000"
    },
    "done": true
  },
  "minecraft:nether/root": {
    "criteria": {
      "entered_nether": "2024-07-19 07:06:06 +0000"
    },
    "done": true
  },
  "minecraft:story/enter_the_nether": {
    "criteria": {
      "entered_nether": "2024-07-19 07:06:06 +0000"
    },
    "done": true
  },
  "minecraft:nether/explore_nether": {
    "criteria": {
      "minecraft:basalt_deltas": "2024-07-19 07:06:06 +0000"
    },
    "done": false
  },
  "mekanism:disassembler": {
    "criteria": {
      "atomic_disassembler": "2024-07-21 04:01:41 +0000"
    },
    "done": true
  },
  "minecraft:adventure/trade": {
    "criteria": {
      "traded": "2024-07-21 03:35:51 +0000"
    },
    "done": true
  },
  "DataVersion": 3465
}