{
  "mekanism:root": {
    "criteria": {
      "automatic": "2024-07-15 02:38:01 +0000"
    },
    "done": true
  },
  "incendium:technical/new_player": {
    "criteria": {
      "requirement": "2024-07-15 02:38:02 +0000"
    },
    "done": true
  },
  "electrodynamics:dispenseguidebook": {
    "criteria": {
      "SpawnIn": "2024-07-15 02:38:02 +0000"
    },
    "done": true
  },
  "incendium:technical/scroll_of_returning": {
    "criteria": {
      "log_spam_fixer": "2024-07-15 02:38:04 +0000"
    },
    "done": false
  },
  "incendium:technical/using/ragnarok": {
    "criteria": {
      "log_spam_fixer": "2024-07-15 02:38:04 +0000"
    },
    "done": false
  },
  "incendium:technical/using/trailblazer": {
    "criteria": {
      "log_spam_fixer": "2024-07-15 02:38:04 +0000"
    },
    "done": false
  },
  "minecraft:adventure/adventuring_time": {
    "criteria": {
      "minecraft:bamboo_jungle": "2024-07-15 02:38:04 +0000",
      "minecraft:beach": "2024-07-15 03:47:33 +0000",
      "minecraft:sparse_jungle": "2024-07-15 02:43:20 +0000",
      "minecraft:river": "2024-07-15 02:44:18 +0000",
      "minecraft:lukewarm_ocean": "2024-07-15 19:49:43 +0000",
      "minecraft:dripstone_caves": "2024-07-15 02:47:36 +0000",
      "minecraft:forest": "2024-07-15 02:46:20 +0000",
      "minecraft:desert": "2024-07-15 03:07:57 +0000",
      "minecraft:jungle": "2024-07-15 03:07:17 +0000",
      "minecraft:windswept_savanna": "2024-07-15 20:17:05 +0000",
      "minecraft:savanna": "2024-07-15 03:13:18 +0000",
      "minecraft:plains": "2024-07-15 02:44:41 +0000"
    },
    "done": false
  },
  "incendium:technical/using/shield": {
    "criteria": {
      "log_spam_fixer": "2024-07-15 02:38:04 +0000"
    },
    "done": false
  },
  "electrodynamics:root": {
    "criteria": {
      "HasCraftingTable": "2024-07-15 02:40:55 +0000"
    },
    "done": true
  },
  "minecraft:story/root": {
    "criteria": {
      "crafting_table": "2024-07-15 02:40:55 +0000"
    },
    "done": true
  },
  "electrodynamics:ores": {
    "criteria": {
      "HasWoodenPickaxe": "2024-07-15 02:41:33 +0000"
    },
    "done": true
  },
  "minecraft:story/mine_stone": {
    "criteria": {
      "get_stone": "2024-07-15 02:44:56 +0000"
    },
    "done": true
  },
  "minecraft:story/upgrade_tools": {
    "criteria": {
      "stone_pickaxe": "2024-07-15 02:45:05 +0000"
    },
    "done": true
  },
  "electrodynamics:raworetin": {
    "criteria": {
      "HasRawOre": "2024-07-15 02:48:28 +0000"
    },
    "done": true
  },
  "minecraft:husbandry/root": {
    "criteria": {
      "consumed_item": "2024-07-15 02:49:26 +0000"
    },
    "done": true
  },
  "minecraft:husbandry/balanced_diet": {
    "criteria": {
      "cooked_beef": "2024-07-15 20:30:09 +0000",
      "apple": "2024-07-15 02:49:26 +0000",
      "rotten_flesh": "2024-07-15 04:06:45 +0000",
      "melon_slice": "2024-07-15 03:23:25 +0000",
      "cooked_rabbit": "2024-07-15 03:10:17 +0000"
    },
    "done": false
  },
  "minecraft:adventure/root": {
    "criteria": {
      "killed_by_something": "2024-07-15 02:54:13 +0000"
    },
    "done": true
  },
  "minecraft:story/smelt_iron": {
    "criteria": {
      "iron": "2024-07-15 02:57:57 +0000"
    },
    "done": true
  },
  "minecraft:adventure/sleep_in_bed": {
    "criteria": {
      "slept_in_bed": "2024-07-15 03:04:45 +0000"
    },
    "done": true
  },
  "alexsmobs:alexsmobs/maraca": {
    "criteria": {
      "maraca": "2024-07-15 03:09:38 +0000"
    },
    "done": true
  },
  "minecraft:story/form_obsidian": {
    "criteria": {
      "obsidian": "2024-07-15 03:13:45 +0000"
    },
    "done": true
  },
  "minecraft:husbandry/plant_seed": {
    "criteria": {
      "wheat": "2024-07-15 03:19:30 +0000"
    },
    "done": true
  },
  "alexsmobs:alexsmobs/kangaroo": {
    "criteria": {
      "interact": "2024-07-15 03:21:25 +0000"
    },
    "done": true
  },
  "simpleplanes:recipes/plane": {
    "criteria": {
      "in_fire": "2024-07-15 03:24:02 +0000"
    },
    "done": true
  },
  "minecraft:adventure/kill_all_mobs": {
    "criteria": {
      "minecraft:skeleton": "2024-07-15 03:40:51 +0000",
      "minecraft:spider": "2024-07-15 03:39:24 +0000",
      "minecraft:creeper": "2024-07-15 04:13:45 +0000",
      "minecraft:zombie": "2024-07-15 03:35:06 +0000"
    },
    "done": false
  },
  "minecraft:adventure/kill_a_mob": {
    "criteria": {
      "minecraft:zombie": "2024-07-15 03:35:06 +0000"
    },
    "done": true
  },
  "minecraft:husbandry/breed_an_animal": {
    "criteria": {
      "bred": "2024-07-15 03:36:11 +0000"
    },
    "done": true
  },
  "alexsmobs:alexsmobs/seagull_steal": {
    "criteria": {
      "ex": "2024-07-15 03:50:16 +0000"
    },
    "done": true
  },
  "minecraft:husbandry/bred_all_animals": {
    "criteria": {
      "minecraft:cow": "2024-07-15 03:54:24 +0000"
    },
    "done": false
  },
  "minecraft:story/deflect_arrow": {
    "criteria": {
      "deflected_projectile": "2024-07-15 04:06:30 +0000"
    },
    "done": true
  },
  "mekanismadditions:hurt_by_babies": {
    "criteria": {
      "baby_skeleton": "2024-07-15 19:46:11 +0000"
    },
    "done": false
  },
  "mekanism:materials": {
    "criteria": {
      "material": "2024-07-15 20:46:33 +0000"
    },
    "done": true
  },
  "alexsmobs:alexsmobs/tarantula_hawk": {
    "criteria": {
      "interact": "2024-07-15 20:56:25 +0000"
    },
    "done": true
  },
  "alexsmobs:alexsmobs/banana": {
    "criteria": {
      "banana": "2024-07-15 21:26:54 +0000"
    },
    "done": true
  },
  "mekanismadditions:not_the_babies": {
    "criteria": {
      "baby_skeleton": "2024-07-15 21:49:11 +0000"
    },
    "done": true
  },
  "alexsmobs:alexsmobs/tame_grizzly_bear": {
    "criteria": {
      "tame": "2024-07-15 22:12:30 +0000"
    },
    "done": true
  },
  "minecraft:husbandry/tame_an_animal": {
    "criteria": {
      "tamed_animal": "2024-07-15 21:45:19 +0000"
    },
    "done": true
  },
  "alexsmobs:alexsmobs/tame_capuchin": {
    "criteria": {
      "tame": "2024-07-15 21:45:19 +0000"
    },
    "done": true
  },
  "alexsmobs:alexsmobs/grizzly_bear": {
    "criteria": {
      "interact": "2024-07-15 22:12:40 +0000"
    },
    "done": true
  },
  "DataVersion": 3465
}